Site,year,Experiment,treatment,Idplot,replicate,block,Code_ID,Accession_ID,Plant,TnbL,L8,W8,L9,W9,L10,W10,L11,W11,L12,W12,L13,W13,L14,W14,L15,W15
Nerac,2012,Ner12R,rainfed,NXN2LAV2012011,1,6,3001,B73_H,4,16,NA,NA,96,9,NA,NA,89,8,NA,NA,NA,NA,NA,NA,NA,NA
Nerac,2012,Ner12R,rainfed,NXN2LAV2012011,1,6,3001,B73_H,1,15,NA,NA,NA,NA,101,10,NA,NA,95,9,NA,NA,NA,NA,NA,NA
Nerac,2012,Ner12R,rainfed,NXN2LAV2012011,1,6,3001,B73_H,2,16,NA,NA,NA,NA,98,9,NA,NA,88,10,NA,NA,NA,NA,NA,NA
Nerac,2012,Ner12R,rainfed,NXN2LAV2012011,1,6,3001,B73_H,3,15,NA,NA,NA,NA,101,9,NA,NA,88,9,NA,NA,NA,NA,NA,NA
Nerac,2012,Ner12R,rainfed,NXN2LAV2012011,1,6,3001,B73_H,5,15,NA,NA,NA,NA,94,8,NA,NA,86,8,NA,NA,NA,NA,NA,NA
Nerac,2012,Ner12R,rainfed,NXN2LAV2012011,1,6,3001,B73_H,7,15,NA,NA,NA,NA,101,8.5,NA,NA,93,8.5,NA,NA,NA,NA,NA,NA
Nerac,2012,Ner12R,rainfed,NXN2LAV2012011,1,6,3001,B73_H,10,15,NA,NA,NA,NA,90,8.5,NA,NA,102,9,NA,NA,NA,NA,NA,NA
Nerac,2012,Ner12R,rainfed,NXN2LAV2012011,1,6,3001,B73_H,12,16,NA,NA,NA,NA,99,9,NA,NA,91,9.5,NA,NA,NA,NA,NA,NA
Nerac,2012,Ner12R,rainfed,NXN2LAV2012011,1,6,3001,B73_H,15,15,NA,NA,NA,NA,94,7.5,NA,NA,81,7.5,NA,NA,NA,NA,NA,NA
Nerac,2012,Ner12R,rainfed,NXN2LAV2012011,1,6,3001,B73_H,17,15,NA,NA,NA,NA,100,9.5,NA,NA,95,9,NA,NA,NA,NA,NA,NA
Nerac,2012,Ner12R,rainfed,NXN2LAV2012011,1,6,3001,B73_H,18,15,NA,NA,NA,NA,102,9,NA,NA,95,8.5,NA,NA,NA,NA,NA,NA
Nerac,2012,Ner12R,rainfed,NXN2LAV2012011,1,6,3001,B73_H,20,15,NA,NA,NA,NA,102,9,NA,NA,99,9,NA,NA,NA,NA,NA,NA
Nerac,2012,Ner12R,rainfed,NXN2LAV2012011,1,6,3001,B73_H,8,16,NA,NA,NA,NA,NA,NA,100,10,NA,NA,66,7.5,NA,NA,NA,NA
Nerac,2012,Ner12R,rainfed,NXN2LAV2012011,1,6,3001,B73_H,9,16,NA,NA,NA,NA,NA,NA,103,10,NA,NA,87,9,NA,NA,NA,NA
Nerac,2012,Ner12R,rainfed,NXN2LAV2012011,1,6,3001,B73_H,11,16,NA,NA,NA,NA,NA,NA,98,8,NA,NA,81,8,NA,NA,NA,NA
Nerac,2012,Ner12R,rainfed,NXN2LAV2012011,1,6,3001,B73_H,13,16,NA,NA,NA,NA,NA,NA,94,7,NA,NA,70,7.5,NA,NA,NA,NA
Nerac,2012,Ner12R,rainfed,NXN2LAV2012011,1,6,3001,B73_H,14,15,NA,NA,NA,NA,NA,NA,101,8.5,NA,NA,85,9,NA,NA,NA,NA
Nerac,2012,Ner12R,rainfed,NXN2LAV2012011,1,6,3001,B73_H,16,16,NA,NA,NA,NA,NA,NA,99,9,NA,NA,87,8,NA,NA,NA,NA
Nerac,2012,Ner12R,rainfed,NXN2LAV2012011,1,6,3001,B73_H,19,17,NA,NA,NA,NA,NA,NA,NA,NA,98,8.5,NA,NA,92,9,NA,NA
Nerac,2012,Ner12R,rainfed,NXN2LAV2012011,1,6,3001,B73_H,6,17,NA,NA,NA,NA,NA,NA,NA,NA,NA,NA,100,9,NA,NA,66,8
Nerac,2012,Ner12R,rainfed,NXN2LAV2011027,2,22,3001,B73_H,5,15,NA,NA,NA,NA,101,9,NA,NA,88,9,NA,NA,NA,NA,NA,NA
Nerac,2012,Ner12R,rainfed,NXN2LAV2011027,2,22,3001,B73_H,1,16,NA,NA,NA,NA,NA,NA,96,8,NA,NA,72,8.5,NA,NA,NA,NA
Nerac,2012,Ner12R,rainfed,NXN2LAV2011027,2,22,3001,B73_H,2,15,NA,NA,NA,NA,NA,NA,93,8.5,NA,NA,69,8,NA,NA,NA,NA
Nerac,2012,Ner12R,rainfed,NXN2LAV2011027,2,22,3001,B73_H,3,16,NA,NA,NA,NA,NA,NA,99,9,NA,NA,77,9,NA,NA,NA,NA
Nerac,2012,Ner12R,rainfed,NXN2LAV2011027,2,22,3001,B73_H,4,16,NA,NA,NA,NA,NA,NA,96,9,NA,NA,75,8,NA,NA,NA,NA
Nerac,2012,Ner12R,rainfed,NXN2LAV2011027,2,22,3001,B73_H,6,16,NA,NA,NA,NA,NA,NA,96,8,NA,NA,80,7.5,NA,NA,NA,NA
Nerac,2012,Ner12R,rainfed,NXN2LAV2011027,2,22,3001,B73_H,7,17,NA,NA,NA,NA,NA,NA,96,8,NA,NA,73,8,NA,NA,NA,NA
Nerac,2012,Ner12R,rainfed,NXN2LAV2011027,2,22,3001,B73_H,8,16,NA,NA,NA,NA,NA,NA,98,8,NA,NA,78,8,NA,NA,NA,NA
Nerac,2012,Ner12W,watered,NXN2LAV3009026,1,9,3001,B73_H,2,15,NA,NA,NA,NA,87,7,NA,NA,82,7,NA,NA,NA,NA,NA,NA
Nerac,2012,Ner12W,watered,NXN2LAV3009026,1,9,3001,B73_H,3,15,NA,NA,NA,NA,92,10,NA,NA,86,9.5,NA,NA,NA,NA,NA,NA
Nerac,2012,Ner12W,watered,NXN2LAV3009026,1,9,3001,B73_H,4,15,NA,NA,NA,NA,93,9,NA,NA,87,10,NA,NA,NA,NA,NA,NA
Nerac,2012,Ner12W,watered,NXN2LAV3009026,1,9,3001,B73_H,6,15,NA,NA,NA,NA,98,8.5,NA,NA,91,11,NA,NA,NA,NA,NA,NA
Nerac,2012,Ner12W,watered,NXN2LAV3009026,1,9,3001,B73_H,8,15,NA,NA,NA,NA,93,9,NA,NA,90,9,NA,NA,NA,NA,NA,NA
Nerac,2012,Ner12W,watered,NXN2LAV3009026,1,9,3001,B73_H,12,15,NA,NA,NA,NA,94,8.5,NA,NA,81,9,NA,NA,NA,NA,NA,NA
Nerac,2012,Ner12W,watered,NXN2LAV3009026,1,9,3001,B73_H,13,15,NA,NA,NA,NA,100,9,NA,NA,90,11,NA,NA,NA,NA,NA,NA
Nerac,2012,Ner12W,watered,NXN2LAV3009026,1,9,3001,B73_H,15,15,NA,NA,NA,NA,98,9.5,NA,NA,87,11,NA,NA,NA,NA,NA,NA
Nerac,2012,Ner12W,watered,NXN2LAV3009026,1,9,3001,B73_H,16,15,NA,NA,NA,NA,90,8,NA,NA,80,9,NA,NA,NA,NA,NA,NA
Nerac,2012,Ner12W,watered,NXN2LAV3009026,1,9,3001,B73_H,17,15,NA,NA,NA,NA,100,8,NA,NA,83,8,NA,NA,NA,NA,NA,NA
Nerac,2012,Ner12W,watered,NXN2LAV3009026,1,9,3001,B73_H,18,15,NA,NA,NA,NA,100,9,NA,NA,81,8.5,NA,NA,NA,NA,NA,NA
Nerac,2012,Ner12W,watered,NXN2LAV3009026,1,9,3001,B73_H,20,16,NA,NA,NA,NA,94,8.5,NA,NA,85,8.5,NA,NA,NA,NA,NA,NA
Nerac,2012,Ner12W,watered,NXN2LAV3009026,1,9,3001,B73_H,5,17,NA,NA,NA,NA,NA,NA,96,8,NA,NA,82,8,NA,NA,NA,NA
Nerac,2012,Ner12W,watered,NXN2LAV3009026,1,9,3001,B73_H,7,15,NA,NA,NA,NA,NA,NA,94,9,NA,NA,81,8.5,NA,NA,NA,NA
Nerac,2012,Ner12W,watered,NXN2LAV3009026,1,9,3001,B73_H,10,16,NA,NA,NA,NA,NA,NA,93,8,NA,NA,71,7.5,NA,NA,NA,NA
Nerac,2012,Ner12W,watered,NXN2LAV3009026,1,9,3001,B73_H,11,15,NA,NA,NA,NA,NA,NA,94,10,NA,NA,67,9,NA,NA,NA,NA
Nerac,2012,Ner12W,watered,NXN2LAV3009026,1,9,3001,B73_H,14,16,NA,NA,NA,NA,NA,NA,90,8,NA,NA,68,7.5,NA,NA,NA,NA
Nerac,2012,Ner12W,watered,NXN2LAV3009026,1,9,3001,B73_H,19,16,NA,NA,NA,NA,NA,NA,91,9.5,NA,NA,72,8.5,NA,NA,NA,NA
Nerac,2012,Ner12W,watered,NXN2LAV3009026,1,9,3001,B73_H,9,18,NA,NA,NA,NA,NA,NA,NA,NA,NA,NA,85,8,NA,NA,58,7
Nerac,2012,Ner12W,watered,NXN2LAV3019041,2,24,3001,B73_H,1,15,NA,NA,NA,NA,96,9,NA,NA,83,10,NA,NA,NA,NA,NA,NA
Nerac,2012,Ner12W,watered,NXN2LAV3019041,2,24,3001,B73_H,2,15,NA,NA,NA,NA,93,8,NA,NA,83,8,NA,NA,NA,NA,NA,NA
Nerac,2012,Ner12W,watered,NXN2LAV3019041,2,24,3001,B73_H,4,15,NA,NA,NA,NA,82,7,NA,NA,61,7.5,NA,NA,NA,NA,NA,NA
Nerac,2012,Ner12W,watered,NXN2LAV3019041,2,24,3001,B73_H,5,15,NA,NA,NA,NA,92,8.5,NA,NA,82,9,NA,NA,NA,NA,NA,NA
Nerac,2012,Ner12W,watered,NXN2LAV3019041,2,24,3001,B73_H,6,15,NA,NA,NA,NA,99,8,NA,NA,89,9,NA,NA,NA,NA,NA,NA
Nerac,2012,Ner12W,watered,NXN2LAV3019041,2,24,3001,B73_H,8,15,NA,NA,NA,NA,96,9,NA,NA,81,10,NA,NA,NA,NA,NA,NA
Nerac,2012,Ner12W,watered,NXN2LAV3019041,2,24,3001,B73_H,9,15,NA,NA,NA,NA,95,9,NA,NA,89,9,NA,NA,NA,NA,NA,NA
Nerac,2012,Ner12W,watered,NXN2LAV3019041,2,24,3001,B73_H,10,15,NA,NA,NA,NA,100,10,NA,NA,97,10.5,NA,NA,NA,NA,NA,NA
Nerac,2012,Ner12W,watered,NXN2LAV3019041,2,24,3001,B73_H,3,15,NA,NA,NA,NA,NA,NA,84,8.5,NA,NA,69,8,NA,NA,NA,NA
Nerac,2012,Ner12W,watered,NXN2LAV3019041,2,24,3001,B73_H,7,15,NA,NA,NA,NA,NA,NA,97,10,NA,NA,80,9.5,NA,NA,NA,NA
Nerac,2012,Ner12W,watered,NXN2LAV3019041,2,24,3001,B73_H,11,16,NA,NA,NA,NA,NA,NA,94,9,NA,NA,74,8,NA,NA,NA,NA
Nerac,2012,Ner12W,watered,NXN2LAV3019041,2,24,3001,B73_H,14,16,NA,NA,NA,NA,NA,NA,83,7,NA,NA,66,7,NA,NA,NA,NA
Nerac,2012,Ner12W,watered,NXN2LAV3019041,2,24,3001,B73_H,15,15,NA,NA,NA,NA,NA,NA,98,9,NA,NA,80,9,NA,NA,NA,NA
Nerac,2012,Ner12W,watered,NXN2LAV3019041,2,24,3001,B73_H,16,15,NA,NA,NA,NA,NA,NA,90,10,NA,NA,72,8,NA,NA,NA,NA
Nerac,2012,Ner12W,watered,NXN2LAV3019041,2,24,3001,B73_H,17,16,NA,NA,NA,NA,NA,NA,99,8.5,NA,NA,84,9.5,NA,NA,NA,NA
Nerac,2012,Ner12W,watered,NXN2LAV3019041,2,24,3001,B73_H,18,16,NA,NA,NA,NA,NA,NA,84,7.5,NA,NA,66,7,NA,NA,NA,NA
Nerac,2012,Ner12W,watered,NXN2LAV3019041,2,24,3001,B73_H,19,16,NA,NA,NA,NA,NA,NA,95,7.5,NA,NA,87,7.5,NA,NA,NA,NA
Nerac,2012,Ner12W,watered,NXN2LAV3019041,2,24,3001,B73_H,20,16,NA,NA,NA,NA,NA,NA,79,6.5,NA,NA,58,6,NA,NA,NA,NA
Nerac,2012,Ner12W,watered,NXN2LAV3019041,2,24,3001,B73_H,12,17,NA,NA,NA,NA,NA,NA,NA,NA,88,8,NA,NA,70,8,NA,NA
Nerac,2012,Ner12W,watered,NXN2LAV3019041,2,24,3001,B73_H,13,17,NA,NA,NA,NA,NA,NA,NA,NA,78,5.5,NA,NA,50,5.5,NA,NA
Craiova,2012,Cra12W,watered,400833,1,12,3001,B73_H,1,17,NA,NA,NA,NA,NA,NA,NA,NA,64,7,NA,NA,56,6.5,NA,NA
Craiova,2012,Cra12W,watered,400833,1,12,3001,B73_H,2,16,NA,NA,NA,NA,NA,NA,78,7,NA,NA,66,7.3,NA,NA,NA,NA
Craiova,2012,Cra12W,watered,400833,1,12,3001,B73_H,3,16,NA,NA,NA,NA,NA,NA,82,7,NA,NA,65,7.5,NA,NA,NA,NA
Craiova,2012,Cra12W,watered,400833,1,12,3001,B73_H,4,16,NA,NA,NA,NA,NA,NA,76,6,NA,NA,69,7.5,NA,NA,NA,NA
Craiova,2012,Cra12W,watered,400833,1,12,3001,B73_H,5,17,NA,NA,NA,NA,NA,NA,71,5.4,NA,NA,64,6.8,NA,NA,NA,NA
Craiova,2012,Cra12W,watered,400833,1,12,3001,B73_H,6,16,NA,NA,NA,NA,NA,NA,80,7,NA,NA,75,7.5,NA,NA,NA,NA
Craiova,2012,Cra12W,watered,400833,1,12,3001,B73_H,7,17,NA,NA,NA,NA,NA,NA,NA,NA,82,7,NA,NA,78,8,NA,NA
Craiova,2012,Cra12W,watered,400833,1,12,3001,B73_H,8,16,NA,NA,NA,NA,NA,NA,NA,NA,79,6.5,NA,NA,69,7.2,NA,NA
Craiova,2012,Cra12W,watered,400833,1,12,3001,B73_H,9,16,NA,NA,NA,NA,NA,NA,82,7,NA,NA,70,8.3,NA,NA,NA,NA
Craiova,2012,Cra12W,watered,400833,1,12,3001,B73_H,10,16,NA,NA,NA,NA,NA,NA,79,7,NA,NA,66,7.5,NA,NA,NA,NA
Craiova,2012,Cra12W,watered,400924,2,8,3901,B73_H_check,1,16,NA,NA,NA,NA,NA,NA,NA,NA,77,7,NA,NA,69,7.5,NA,NA
Craiova,2012,Cra12W,watered,400924,2,8,3901,B73_H_check,2,18,NA,NA,NA,NA,NA,NA,NA,NA,NA,NA,73,7.2,NA,NA,62,7
Craiova,2012,Cra12W,watered,400924,2,8,3901,B73_H_check,3,16,NA,NA,NA,NA,NA,NA,79,7,NA,NA,70,8,NA,NA,NA,NA
Craiova,2012,Cra12W,watered,400924,2,8,3901,B73_H_check,4,16,NA,NA,NA,NA,NA,NA,83,6.5,NA,NA,75,8.8,NA,NA,NA,NA
Craiova,2012,Cra12W,watered,400924,2,8,3901,B73_H_check,5,16,NA,NA,NA,NA,NA,NA,82,7.2,NA,NA,70,7.5,NA,NA,NA,NA
Craiova,2012,Cra12W,watered,400924,2,8,3901,B73_H_check,6,16,NA,NA,NA,NA,NA,NA,81,7.5,NA,NA,74,8.4,NA,NA,NA,NA
Craiova,2012,Cra12W,watered,400924,2,8,3901,B73_H_check,7,16,NA,NA,NA,NA,NA,NA,77,7,NA,NA,68,8,NA,NA,NA,NA
Craiova,2012,Cra12W,watered,400924,2,8,3901,B73_H_check,8,16,NA,NA,NA,NA,NA,NA,82,7.3,NA,NA,68,6.8,NA,NA,NA,NA
Craiova,2012,Cra12W,watered,400924,2,8,3901,B73_H_check,9,16,NA,NA,NA,NA,NA,NA,82,7.3,NA,NA,65,8,NA,NA,NA,NA
Craiova,2012,Cra12W,watered,400924,2,8,3901,B73_H_check,10,16,NA,NA,NA,NA,NA,NA,82,7.2,NA,NA,68,7.5,NA,NA,NA,NA
Craiova,2012,Cra12W,watered,400950,2,7,3001,B73_H,1,15,NA,NA,NA,NA,85,7,NA,NA,79,7.5,NA,NA,NA,NA,NA,NA
Craiova,2012,Cra12W,watered,400950,2,7,3001,B73_H,2,15,NA,NA,NA,NA,84,6.3,NA,NA,80,7.5,NA,NA,NA,NA,NA,NA
Craiova,2012,Cra12W,watered,400950,2,7,3001,B73_H,3,15,NA,NA,NA,NA,85,6.5,NA,NA,79,6.5,NA,NA,NA,NA,NA,NA
Craiova,2012,Cra12W,watered,400950,2,7,3001,B73_H,4,15,NA,NA,NA,NA,94,6.5,NA,NA,85,7,NA,NA,NA,NA,NA,NA
Craiova,2012,Cra12W,watered,400950,2,7,3001,B73_H,5,15,NA,NA,NA,NA,82,7.7,NA,NA,83,8.3,NA,NA,NA,NA,NA,NA
Craiova,2012,Cra12W,watered,400950,2,7,3001,B73_H,6,15,NA,NA,NA,NA,84,7,NA,NA,75,6.5,NA,NA,NA,NA,NA,NA
Craiova,2012,Cra12W,watered,400950,2,7,3001,B73_H,7,17,NA,NA,NA,NA,80,8,NA,NA,81,7.8,NA,NA,NA,NA,NA,NA
Craiova,2012,Cra12W,watered,400950,2,7,3001,B73_H,8,16,NA,NA,NA,NA,NA,NA,NA,NA,NA,NA,86,7.5,NA,NA,76,7
Craiova,2012,Cra12W,watered,400950,2,7,3001,B73_H,9,15,NA,NA,NA,NA,NA,NA,84,7,NA,NA,77,8,NA,NA,NA,NA
Craiova,2012,Cra12W,watered,400950,2,7,3001,B73_H,10,NA,NA,NA,NA,NA,NA,NA,82,7,NA,NA,70,7.8,NA,NA,NA,NA
Craiova,2012,Cra12W,watered,400994,1,5,3901,B73_H_check,1,16,NA,NA,NA,NA,NA,NA,84,7.5,NA,NA,72,7,NA,NA,NA,NA
Craiova,2012,Cra12W,watered,400994,1,5,3901,B73_H_check,2,15,NA,NA,NA,NA,NA,NA,80,7,NA,NA,75,7.5,NA,NA,NA,NA
Craiova,2012,Cra12W,watered,400994,1,5,3901,B73_H_check,3,16,NA,NA,NA,NA,NA,NA,80,6.8,NA,NA,67,6.8,NA,NA,NA,NA
Craiova,2012,Cra12W,watered,400994,1,5,3901,B73_H_check,4,17,NA,NA,NA,NA,NA,NA,NA,NA,87,6.8,NA,NA,74,7,NA,NA
Craiova,2012,Cra12W,watered,400994,1,5,3901,B73_H_check,5,16,NA,NA,NA,NA,NA,NA,87,6,NA,NA,79,6.5,NA,NA,NA,NA
Craiova,2012,Cra12W,watered,400994,1,5,3901,B73_H_check,6,16,NA,NA,NA,NA,NA,NA,78,6.2,NA,NA,66,6.2,NA,NA,NA,NA
Craiova,2012,Cra12W,watered,400994,1,5,3901,B73_H_check,7,17,NA,NA,NA,NA,NA,NA,NA,NA,77,6.3,NA,NA,64,6,NA,NA
Craiova,2012,Cra12W,watered,400994,1,5,3901,B73_H_check,8,16,NA,NA,NA,NA,NA,NA,82,7,NA,NA,76,6.8,NA,NA,NA,NA
Craiova,2012,Cra12W,watered,400994,1,5,3901,B73_H_check,9,16,NA,NA,NA,NA,NA,NA,85,6.6,NA,NA,76,7.5,NA,NA,NA,NA
Craiova,2012,Cra12W,watered,400994,1,5,3901,B73_H_check,10,17,NA,NA,NA,NA,NA,NA,NA,NA,85,6.4,NA,NA,72,7.5,NA,NA
Craiova,2012,Cra12R,rainfed,402116,2,21,3001,B73_H,1,18,NA,NA,NA,NA,NA,NA,NA,NA,NA,NA,81,6.5,NA,NA,66,7
Craiova,2012,Cra12R,rainfed,402116,2,21,3001,B73_H,2,16,NA,NA,NA,NA,NA,NA,85,7.5,NA,NA,79,7,NA,NA,NA,NA
Craiova,2012,Cra12R,rainfed,402116,2,21,3001,B73_H,3,17,NA,NA,NA,NA,83,7,NA,NA,73,6,NA,NA,NA,NA,NA,NA
Craiova,2012,Cra12R,rainfed,402116,2,21,3001,B73_H,4,16,NA,NA,NA,NA,NA,NA,80,7.5,NA,NA,80,6.5,NA,NA,NA,NA
Craiova,2012,Cra12R,rainfed,402116,2,21,3001,B73_H,5,16,NA,NA,NA,NA,NA,NA,87,7,NA,NA,71,6,NA,NA,NA,NA
Craiova,2012,Cra12R,rainfed,402116,2,21,3001,B73_H,6,15,NA,NA,NA,NA,NA,NA,86,8.5,NA,NA,61,6,NA,NA,NA,NA
Craiova,2012,Cra12R,rainfed,402116,2,21,3001,B73_H,7,16,NA,NA,NA,NA,NA,NA,87,8,NA,NA,79,7,NA,NA,NA,NA
Craiova,2012,Cra12R,rainfed,402116,2,21,3001,B73_H,8,16,NA,NA,NA,NA,NA,NA,81,7,NA,NA,72,5.5,NA,NA,NA,NA
Craiova,2012,Cra12R,rainfed,402116,2,21,3001,B73_H,9,15,NA,NA,NA,NA,76,7,NA,NA,72,6.5,NA,NA,NA,NA,NA,NA
Craiova,2012,Cra12R,rainfed,402116,2,21,3001,B73_H,10,16,NA,NA,NA,NA,79,7.5,NA,NA,75,6,NA,NA,NA,NA,NA,NA
Craiova,2012,Cra12R,rainfed,402234,1,18,3001,B73_H,1,15,NA,NA,NA,NA,NA,NA,82,7.5,NA,NA,78,6.5,NA,NA,NA,NA
Craiova,2012,Cra12R,rainfed,402234,1,18,3001,B73_H,2,15,NA,NA,NA,NA,78,7.5,NA,NA,77,7.2,NA,NA,NA,NA,NA,NA
Craiova,2012,Cra12R,rainfed,402234,1,18,3001,B73_H,3,17,NA,NA,NA,NA,NA,NA,NA,NA,77,7,NA,NA,64,6,NA,NA
Craiova,2012,Cra12R,rainfed,402234,1,18,3001,B73_H,4,16,NA,NA,NA,NA,NA,NA,77,8,NA,NA,67,6.8,NA,NA,NA,NA
Craiova,2012,Cra12R,rainfed,402234,1,18,3001,B73_H,5,16,NA,NA,NA,NA,NA,NA,77,7.5,NA,NA,77,7.2,NA,NA,NA,NA
Craiova,2012,Cra12R,rainfed,402234,1,18,3001,B73_H,6,16,NA,NA,NA,NA,NA,NA,78,7.5,NA,NA,72,7,NA,NA,NA,NA
Craiova,2012,Cra12R,rainfed,402234,1,18,3001,B73_H,7,16,NA,NA,NA,NA,NA,NA,85,7.8,NA,NA,80,7.4,NA,NA,NA,NA
Craiova,2012,Cra12R,rainfed,402234,1,18,3001,B73_H,8,16,NA,NA,NA,NA,NA,NA,86,7.5,NA,NA,82,7.2,NA,NA,NA,NA
Craiova,2012,Cra12R,rainfed,402234,1,18,3001,B73_H,9,15,NA,NA,NA,NA,84,7.6,NA,NA,84,7.4,NA,NA,NA,NA,NA,NA
Craiova,2012,Cra12R,rainfed,402234,1,18,3001,B73_H,10,16,NA,NA,NA,NA,NA,NA,84,6.8,NA,NA,82,6.7,NA,NA,NA,NA
Craiova,2012,Cra12R,rainfed,402516,2,10,3901,B73_H_check,1,NA,NA,NA,NA,NA,NA,NA,NA,NA,NA,NA,NA,NA,NA,NA,NA,NA
Craiova,2012,Cra12R,rainfed,402516,2,10,3901,B73_H_check,2,16,NA,NA,NA,NA,80,8.6,NA,NA,71,8,NA,NA,NA,NA,NA,NA
Craiova,2012,Cra12R,rainfed,402516,2,10,3901,B73_H_check,3,16,NA,NA,NA,NA,NA,NA,76,7,NA,NA,71,7.8,NA,NA,NA,NA
Craiova,2012,Cra12R,rainfed,402516,2,10,3901,B73_H_check,4,17,NA,NA,NA,NA,NA,NA,83,8,NA,NA,77,8,NA,NA,NA,NA
Craiova,2012,Cra12R,rainfed,402516,2,10,3901,B73_H_check,5,17,NA,NA,NA,NA,NA,NA,81,7.1,NA,NA,63,7,NA,NA,NA,NA
Craiova,2012,Cra12R,rainfed,402516,2,10,3901,B73_H_check,6,16,NA,NA,NA,NA,NA,NA,77,7.5,NA,NA,65,6.8,NA,NA,NA,NA
Craiova,2012,Cra12R,rainfed,402516,2,10,3901,B73_H_check,7,17,NA,NA,NA,NA,NA,NA,80,8.4,NA,NA,73,75,NA,NA,NA,NA
Craiova,2012,Cra12R,rainfed,402516,2,10,3901,B73_H_check,8,16,NA,NA,NA,NA,NA,NA,77,7.3,NA,NA,68,7,NA,NA,NA,NA
Craiova,2012,Cra12R,rainfed,402516,2,10,3901,B73_H_check,9,15,NA,NA,NA,NA,71,8,NA,NA,70,7.8,NA,NA,NA,NA,NA,NA
Craiova,2012,Cra12R,rainfed,402516,2,10,3901,B73_H_check,10,NA,NA,NA,NA,NA,NA,NA,NA,NA,NA,NA,NA,NA,NA,NA,NA,NA
Craiova,2012,Cra12R,rainfed,402557,3,9,3901,B73_H_check,1,17,NA,NA,NA,NA,NA,NA,NA,NA,84,7,NA,NA,71,6.4,NA,NA
Craiova,2012,Cra12R,rainfed,402557,3,9,3901,B73_H_check,2,17,NA,NA,NA,NA,NA,NA,82,6.7,NA,NA,77,6.6,NA,NA,NA,NA
Craiova,2012,Cra12R,rainfed,402557,3,9,3901,B73_H_check,3,17,NA,NA,NA,NA,NA,NA,NA,NA,85,6.5,NA,NA,76,6.4,NA,NA
Craiova,2012,Cra12R,rainfed,402557,3,9,3901,B73_H_check,4,15,NA,NA,NA,NA,NA,NA,85,7.2,NA,NA,83,7.1,NA,NA,NA,NA
Craiova,2012,Cra12R,rainfed,402557,3,9,3901,B73_H_check,5,16,NA,NA,NA,NA,NA,NA,86,7.1,NA,NA,74,7.1,NA,NA,NA,NA
Craiova,2012,Cra12R,rainfed,402557,3,9,3901,B73_H_check,6,15,NA,NA,NA,NA,NA,NA,85,8.7,NA,NA,83,8.5,NA,NA,NA,NA
Craiova,2012,Cra12R,rainfed,402557,3,9,3901,B73_H_check,7,16,NA,NA,NA,NA,NA,NA,77,6.4,NA,NA,71,6.6,NA,NA,NA,NA
Craiova,2012,Cra12R,rainfed,402557,3,9,3901,B73_H_check,8,16,NA,NA,NA,NA,NA,NA,82,7.6,NA,NA,80,7.2,NA,NA,NA,NA
Craiova,2012,Cra12R,rainfed,402557,3,9,3901,B73_H_check,9,16,NA,NA,NA,NA,NA,NA,NA,NA,83,6.7,NA,NA,72,6.6,NA,NA
Craiova,2012,Cra12R,rainfed,402557,3,9,3901,B73_H_check,10,16,NA,NA,NA,NA,NA,NA,86,8,NA,NA,81,8,NA,NA,NA,NA
Craiova,2012,Cra12R,rainfed,402571,3,8,3001,B73_H,1,16,NA,NA,NA,NA,NA,NA,NA,NA,86,7,NA,NA,81,7,NA,NA
Craiova,2012,Cra12R,rainfed,402571,3,8,3001,B73_H,2,16,NA,NA,NA,NA,NA,NA,75,6,NA,NA,74,6.5,NA,NA,NA,NA
Craiova,2012,Cra12R,rainfed,402571,3,8,3001,B73_H,3,17,NA,NA,NA,NA,NA,NA,NA,NA,74,6,NA,NA,73,6,NA,NA
Craiova,2012,Cra12R,rainfed,402571,3,8,3001,B73_H,4,15,NA,NA,NA,NA,NA,NA,88,7,NA,NA,79,7.2,NA,NA,NA,NA
Craiova,2012,Cra12R,rainfed,402571,3,8,3001,B73_H,5,16,NA,NA,NA,NA,NA,NA,83,6.8,NA,NA,77,6.6,NA,NA,NA,NA
Craiova,2012,Cra12R,rainfed,402571,3,8,3001,B73_H,6,17,NA,NA,NA,NA,NA,NA,NA,NA,83,7,NA,NA,71,6.6,NA,NA
Craiova,2012,Cra12R,rainfed,402571,3,8,3001,B73_H,7,15,NA,NA,NA,NA,NA,NA,65,5.4,NA,NA,51,4.5,NA,NA,NA,NA
Craiova,2012,Cra12R,rainfed,402571,3,8,3001,B73_H,8,16,NA,NA,NA,NA,NA,NA,83,7,NA,NA,76,7,NA,NA,NA,NA
Craiova,2012,Cra12R,rainfed,402571,3,8,3001,B73_H,9,16,NA,NA,NA,NA,NA,NA,73,6,NA,NA,61,6,NA,NA,NA,NA
Craiova,2012,Cra12R,rainfed,402571,3,8,3001,B73_H,10,17,NA,NA,NA,NA,NA,NA,NA,NA,79,7,NA,NA,61,6.5,NA,NA
Craiova,2012,Cra12R,rainfed,402684,1,5,3901,B73_H_check,1,18,NA,NA,NA,NA,NA,NA,NA,NA,84,6.6,NA,NA,81,6.6,NA,NA
Craiova,2012,Cra12R,rainfed,402684,1,5,3901,B73_H_check,2,17,NA,NA,NA,NA,NA,NA,NA,NA,77,6.9,NA,NA,75,6.8,NA,NA
Craiova,2012,Cra12R,rainfed,402684,1,5,3901,B73_H_check,3,17,NA,NA,NA,NA,NA,NA,NA,NA,80,7.1,NA,NA,76,6.7,NA,NA
Craiova,2012,Cra12R,rainfed,402684,1,5,3901,B73_H_check,4,17,NA,NA,NA,NA,NA,NA,NA,NA,81,6.5,NA,NA,77,6.4,NA,NA
Craiova,2012,Cra12R,rainfed,402684,1,5,3901,B73_H_check,5,17,NA,NA,NA,NA,NA,NA,NA,NA,NA,NA,NA,NA,NA,NA,NA,NA
Craiova,2012,Cra12R,rainfed,402684,1,5,3901,B73_H_check,6,17,NA,NA,NA,NA,NA,NA,83,6.7,NA,NA,74,6,NA,NA,NA,NA
Craiova,2012,Cra12R,rainfed,402684,1,5,3901,B73_H_check,7,16,NA,NA,NA,NA,NA,NA,80,6.8,NA,NA,68,6.5,NA,NA,NA,NA
Craiova,2012,Cra12R,rainfed,402684,1,5,3901,B73_H_check,8,17,NA,NA,NA,NA,NA,NA,NA,NA,80,6.6,NA,NA,68,6,NA,NA
Craiova,2012,Cra12R,rainfed,402684,1,5,3901,B73_H_check,9,17,NA,NA,NA,NA,NA,NA,NA,NA,74,6.2,NA,NA,62,6.1,NA,NA
Craiova,2012,Cra12R,rainfed,402684,1,5,3901,B73_H_check,10,17,NA,NA,NA,NA,NA,NA,NA,NA,82,6.3,NA,NA,73,6.5,NA,NA
Karlsruhe,2012,Kar12W,watered,400085,2,24,3001,B73_H,1,16,NA,NA,NA,NA,NA,NA,95.5,10,NA,NA,79,8,NA,NA,NA,NA
Karlsruhe,2012,Kar12W,watered,400085,2,24,3001,B73_H,2,16,NA,NA,NA,NA,NA,NA,94,9.5,NA,NA,90.5,10,NA,NA,NA,NA
Karlsruhe,2012,Kar12W,watered,400085,2,24,3001,B73_H,3,17,NA,NA,NA,NA,NA,NA,NA,NA,96,9,NA,NA,78,8,NA,NA
Karlsruhe,2012,Kar12W,watered,400085,2,24,3001,B73_H,4,18,NA,NA,NA,NA,NA,NA,NA,NA,NA,NA,93.5,8,NA,NA,65.5,6.5
Karlsruhe,2012,Kar12W,watered,400085,2,24,3001,B73_H,5,16,NA,NA,NA,NA,NA,NA,NA,NA,95.5,9,NA,NA,76,8,NA,NA
Karlsruhe,2012,Kar12W,watered,400085,2,24,3001,B73_H,6,16,NA,NA,NA,NA,NA,NA,NA,NA,96,9.5,NA,NA,78,9,NA,NA
Karlsruhe,2012,Kar12W,watered,400085,2,24,3001,B73_H,7,17,NA,NA,NA,NA,NA,NA,NA,NA,96,9,NA,NA,78,8,NA,NA
Karlsruhe,2012,Kar12W,watered,400085,2,24,3001,B73_H,8,17,NA,NA,NA,NA,NA,NA,NA,NA,93,10.5,NA,NA,81,10.5,NA,NA
Karlsruhe,2012,Kar12W,watered,400085,2,24,3001,B73_H,9,16,NA,NA,NA,NA,NA,NA,NA,NA,98,10,NA,NA,76,9,NA,NA
Karlsruhe,2012,Kar12W,watered,400085,2,24,3001,B73_H,10,16,NA,NA,NA,NA,NA,NA,NA,NA,98,10,NA,NA,76,8.5,NA,NA
Karlsruhe,2012,Kar12W,watered,400108,2,21,3901,B73_H_check,1,16,NA,NA,NA,NA,NA,NA,94,10,NA,NA,90,10,NA,NA,NA,NA
Karlsruhe,2012,Kar12W,watered,400108,2,21,3901,B73_H_check,2,15,NA,NA,NA,NA,94,9.5,NA,NA,82,9,NA,NA,NA,NA,NA,NA
Karlsruhe,2012,Kar12W,watered,400108,2,21,3901,B73_H_check,3,17,NA,NA,NA,NA,NA,NA,NA,NA,95.5,9,NA,NA,74,9,NA,NA
Karlsruhe,2012,Kar12W,watered,400108,2,21,3901,B73_H_check,4,16,NA,NA,NA,NA,NA,NA,NA,NA,96,9.5,NA,NA,80.5,8.5,NA,NA
Karlsruhe,2012,Kar12W,watered,400108,2,21,3901,B73_H_check,5,15,NA,NA,NA,NA,95.5,9.5,NA,NA,89,9.5,NA,NA,NA,NA,NA,NA
Karlsruhe,2012,Kar12W,watered,400108,2,21,3901,B73_H_check,6,16,NA,NA,NA,NA,NA,NA,NA,NA,101,10,NA,NA,73,9.5,NA,NA
Karlsruhe,2012,Kar12W,watered,400108,2,21,3901,B73_H_check,7,15,NA,NA,NA,NA,96.5,9.5,NA,NA,88.5,9.5,NA,NA,NA,NA,NA,NA
Karlsruhe,2012,Kar12W,watered,400108,2,21,3901,B73_H_check,8,16,NA,NA,NA,NA,NA,NA,90.5,9,NA,NA,68.5,6,NA,NA,NA,NA
Karlsruhe,2012,Kar12W,watered,400108,2,21,3901,B73_H_check,9,17,NA,NA,NA,NA,NA,NA,NA,NA,98,8.5,NA,NA,76,8,NA,NA
Karlsruhe,2012,Kar12W,watered,400108,2,21,3901,B73_H_check,10,15,NA,NA,NA,NA,NA,NA,95.5,10,NA,NA,83.5,8.5,NA,NA,NA,NA
Karlsruhe,2012,Kar12W,watered,400313,1,28,3901,B73_H_check,1,16,NA,NA,NA,NA,NA,NA,100,9,NA,NA,85,10,NA,NA,NA,NA
Karlsruhe,2012,Kar12W,watered,400313,1,28,3901,B73_H_check,2,16,NA,NA,NA,NA,NA,NA,NA,NA,91.5,10,NA,NA,75,10,NA,NA
Karlsruhe,2012,Kar12W,watered,400313,1,28,3901,B73_H_check,3,16,NA,NA,NA,NA,98.5,9.5,NA,NA,95.5,10,NA,NA,NA,NA,NA,NA
Karlsruhe,2012,Kar12W,watered,400313,1,28,3901,B73_H_check,4,16,NA,NA,NA,NA,NA,NA,NA,NA,98,9.5,NA,NA,72.5,8.5,NA,NA
Karlsruhe,2012,Kar12W,watered,400313,1,28,3901,B73_H_check,5,16,NA,NA,NA,NA,NA,NA,96,9.5,NA,NA,90,10,NA,NA,NA,NA
Karlsruhe,2012,Kar12W,watered,400313,1,28,3901,B73_H_check,6,16,NA,NA,NA,NA,NA,NA,NA,NA,101,8.5,NA,NA,67,7.5,NA,NA
Karlsruhe,2012,Kar12W,watered,400313,1,28,3901,B73_H_check,7,16,NA,NA,NA,NA,106,9,NA,NA,94,9,NA,NA,NA,NA,NA,NA
Karlsruhe,2012,Kar12W,watered,400313,1,28,3901,B73_H_check,8,16,NA,NA,NA,NA,NA,NA,NA,NA,104,10,NA,NA,82.5,9.5,NA,NA
Karlsruhe,2012,Kar12W,watered,400313,1,28,3901,B73_H_check,9,16,NA,NA,NA,NA,NA,NA,NA,NA,97,10,NA,NA,79.5,10,NA,NA
Karlsruhe,2012,Kar12W,watered,400313,1,28,3901,B73_H_check,10,16,NA,NA,NA,NA,NA,NA,NA,NA,96,10,NA,NA,74.5,10.5,NA,NA
Karlsruhe,2012,Kar12W,watered,400399,1,13,3001,B73_H,1,16,NA,NA,NA,NA,NA,NA,104,10,NA,NA,88,10,NA,NA,NA,NA
Karlsruhe,2012,Kar12W,watered,400399,1,13,3001,B73_H,2,16,NA,NA,NA,NA,NA,NA,NA,NA,103,9.5,NA,NA,75,8.5,NA,NA
Karlsruhe,2012,Kar12W,watered,400399,1,13,3001,B73_H,3,16,NA,NA,NA,NA,NA,NA,102,9,NA,NA,92,9,NA,NA,NA,NA
Karlsruhe,2012,Kar12W,watered,400399,1,13,3001,B73_H,4,16,NA,NA,NA,NA,NA,NA,103,9.5,NA,NA,87,10,NA,NA,NA,NA
Karlsruhe,2012,Kar12W,watered,400399,1,13,3001,B73_H,5,16,NA,NA,NA,NA,NA,NA,NA,NA,96,10.5,NA,NA,76,9.5,NA,NA
Karlsruhe,2012,Kar12W,watered,400399,1,13,3001,B73_H,6,15,NA,NA,NA,NA,96,9.5,NA,NA,85,10,NA,NA,NA,NA,NA,NA
Karlsruhe,2012,Kar12W,watered,400399,1,13,3001,B73_H,7,15,NA,NA,105,10,NA,NA,98,10.5,NA,NA,NA,NA,NA,NA,NA,NA
Karlsruhe,2012,Kar12W,watered,400399,1,13,3001,B73_H,8,16,NA,NA,NA,NA,NA,NA,103,10,NA,NA,84,10,NA,NA,NA,NA
Karlsruhe,2012,Kar12W,watered,400399,1,13,3001,B73_H,9,15,NA,NA,NA,NA,NA,NA,80,10,NA,NA,60,8.5,NA,NA,NA,NA
Karlsruhe,2012,Kar12W,watered,400399,1,13,3001,B73_H,10,15,NA,NA,NA,NA,NA,NA,91,10,NA,NA,70,9.5,NA,NA,NA,NA
Karlsruhe,2012,Kar12R,rainfed,401241,2,26,3001,B73_H,1,17,NA,NA,NA,NA,NA,NA,NA,NA,94.5,9.5,NA,NA,85.5,10,NA,NA
Karlsruhe,2012,Kar12R,rainfed,401241,2,26,3001,B73_H,2,16,NA,NA,NA,NA,NA,NA,100.5,9,NA,NA,89.5,10,NA,NA,NA,NA
Karlsruhe,2012,Kar12R,rainfed,401241,2,26,3001,B73_H,3,17,NA,NA,NA,NA,NA,NA,NA,NA,99,9.5,NA,NA,84,9,NA,NA
Karlsruhe,2012,Kar12R,rainfed,401241,2,26,3001,B73_H,4,15,NA,NA,NA,NA,102.5,9.5,NA,NA,90.5,10,NA,NA,NA,NA,NA,NA
Karlsruhe,2012,Kar12R,rainfed,401241,2,26,3001,B73_H,5,15,NA,NA,NA,NA,NA,NA,95.5,10,NA,NA,83,10,NA,NA,NA,NA
Karlsruhe,2012,Kar12R,rainfed,401241,2,26,3001,B73_H,6,16,NA,NA,NA,NA,102,10,NA,NA,87,10,NA,NA,NA,NA,NA,NA
Karlsruhe,2012,Kar12R,rainfed,401241,2,26,3001,B73_H,7,15,NA,NA,NA,NA,104.5,9.5,NA,NA,92,9.5,NA,NA,NA,NA,NA,NA
Karlsruhe,2012,Kar12R,rainfed,401241,2,26,3001,B73_H,8,16,NA,NA,NA,NA,NA,NA,107,9,NA,NA,92,9,NA,NA,NA,NA
Karlsruhe,2012,Kar12R,rainfed,401241,2,26,3001,B73_H,9,16,NA,NA,NA,NA,NA,NA,99.5,9.5,NA,NA,86,9.5,NA,NA,NA,NA
Karlsruhe,2012,Kar12R,rainfed,401241,2,26,3001,B73_H,10,16,NA,NA,NA,NA,NA,NA,98.5,9,NA,NA,80.5,9,NA,NA,NA,NA
Karlsruhe,2012,Kar12R,rainfed,401488,1,13,3901,B73_H_check,1,16,NA,NA,NA,NA,NA,NA,99.5,9,NA,NA,91,8.5,NA,NA,NA,NA
Karlsruhe,2012,Kar12R,rainfed,401488,1,13,3901,B73_H_check,2,16,NA,NA,NA,NA,NA,NA,98.5,9.5,NA,NA,92,9.5,NA,NA,NA,NA
Karlsruhe,2012,Kar12R,rainfed,401488,1,13,3901,B73_H_check,3,17,NA,NA,NA,NA,NA,NA,NA,NA,100,9,NA,NA,73,8.5,NA,NA
Karlsruhe,2012,Kar12R,rainfed,401488,1,13,3901,B73_H_check,4,16,NA,NA,NA,NA,NA,NA,98,9.5,NA,NA,88,9,NA,NA,NA,NA
Karlsruhe,2012,Kar12R,rainfed,401488,1,13,3901,B73_H_check,5,16,NA,NA,NA,NA,NA,NA,103.5,9,NA,NA,89,8.5,NA,NA,NA,NA
Karlsruhe,2012,Kar12R,rainfed,401488,1,13,3901,B73_H_check,6,17,NA,NA,NA,NA,NA,NA,NA,NA,97,10,NA,NA,82,9,NA,NA
Karlsruhe,2012,Kar12R,rainfed,401488,1,13,3901,B73_H_check,7,16,NA,NA,NA,NA,NA,NA,94,9.5,NA,NA,85,9,NA,NA,NA,NA
Karlsruhe,2012,Kar12R,rainfed,401488,1,13,3901,B73_H_check,8,16,NA,NA,NA,NA,NA,NA,99,10,NA,NA,92.5,9.5,NA,NA,NA,NA
Karlsruhe,2012,Kar12R,rainfed,401488,1,13,3901,B73_H_check,9,16,NA,NA,NA,NA,NA,NA,96.5,9,NA,NA,86.5,8.5,NA,NA,NA,NA
Karlsruhe,2012,Kar12R,rainfed,401488,1,13,3901,B73_H_check,10,16,NA,NA,NA,NA,NA,NA,97.5,9.5,NA,NA,84,9,NA,NA,NA,NA
Karlsruhe,2012,Kar12R,rainfed,401651,2,3,3901,B73_H_check,1,17,NA,NA,NA,NA,NA,NA,NA,NA,99,9.5,NA,NA,76,8,NA,NA
Karlsruhe,2012,Kar12R,rainfed,401651,2,3,3901,B73_H_check,2,17,NA,NA,NA,NA,NA,NA,106.5,9.5,NA,NA,94.5,9.5,NA,NA,NA,NA
Karlsruhe,2012,Kar12R,rainfed,401651,2,3,3901,B73_H_check,3,16,NA,NA,NA,NA,NA,NA,101.5,9.5,NA,NA,93,8.5,NA,NA,NA,NA
Karlsruhe,2012,Kar12R,rainfed,401651,2,3,3901,B73_H_check,4,15,NA,NA,NA,NA,100.5,9.5,NA,NA,90,9.5,NA,NA,NA,NA,NA,NA
Karlsruhe,2012,Kar12R,rainfed,401651,2,3,3901,B73_H_check,5,16,NA,NA,NA,NA,NA,NA,99.5,9.5,NA,NA,85,10,NA,NA,NA,NA
Karlsruhe,2012,Kar12R,rainfed,401651,2,3,3901,B73_H_check,6,15,NA,NA,NA,NA,NA,NA,100.5,10,NA,NA,89.5,9.5,NA,NA,NA,NA
Karlsruhe,2012,Kar12R,rainfed,401651,2,3,3901,B73_H_check,7,16,NA,NA,NA,NA,NA,NA,101.5,9,NA,NA,88,9,NA,NA,NA,NA
Karlsruhe,2012,Kar12R,rainfed,401651,2,3,3901,B73_H_check,8,17,NA,NA,NA,NA,NA,NA,NA,NA,99,9.5,NA,NA,82.5,10,NA,NA
Karlsruhe,2012,Kar12R,rainfed,401651,2,3,3901,B73_H_check,9,16,NA,NA,NA,NA,NA,NA,107.5,9,NA,NA,93,9,NA,NA,NA,NA
Karlsruhe,2012,Kar12R,rainfed,401651,2,3,3901,B73_H_check,10,15,NA,NA,NA,NA,94,8,NA,NA,91,7.5,NA,NA,NA,NA,NA,NA
Karlsruhe,2012,Kar12R,rainfed,401794,3,20,3001,B73_H,1,16,NA,NA,NA,NA,NA,NA,NA,NA,80,13.5,NA,NA,68.5,13.5,NA,NA
Karlsruhe,2012,Kar12R,rainfed,401882,3,20,3901,B73_H_check,1,15,NA,NA,NA,NA,96,9.5,NA,NA,87.5,10,NA,NA,NA,NA,NA,NA
Karlsruhe,2012,Kar12R,rainfed,401882,3,20,3901,B73_H_check,2,16,NA,NA,NA,NA,NA,NA,100.5,10,NA,NA,90.5,10,NA,NA,NA,NA
Karlsruhe,2012,Kar12R,rainfed,401882,3,20,3901,B73_H_check,3,15,NA,NA,NA,NA,104,10.5,NA,NA,95.5,9,NA,NA,NA,NA,NA,NA
Karlsruhe,2012,Kar12R,rainfed,401882,3,20,3901,B73_H_check,4,15,NA,NA,NA,NA,103,9,NA,NA,90,9,NA,NA,NA,NA,NA,NA
Karlsruhe,2012,Kar12R,rainfed,401882,3,20,3901,B73_H_check,5,16,NA,NA,NA,NA,NA,NA,NA,NA,102,10.5,NA,NA,80,9.5,NA,NA
Karlsruhe,2012,Kar12R,rainfed,401882,3,20,3901,B73_H_check,6,16,NA,NA,NA,NA,NA,NA,101.5,10,NA,NA,90,9,NA,NA,NA,NA
Karlsruhe,2012,Kar12R,rainfed,401882,3,20,3901,B73_H_check,7,15,NA,NA,NA,NA,NA,NA,97,9.5,NA,NA,79.5,10.5,NA,NA,NA,NA
Karlsruhe,2012,Kar12R,rainfed,401882,3,20,3901,B73_H_check,8,15,NA,NA,NA,NA,98,9,NA,NA,90,9,NA,NA,NA,NA,NA,NA
Karlsruhe,2012,Kar12R,rainfed,401882,3,20,3901,B73_H_check,9,15,NA,NA,NA,NA,NA,NA,97,9,NA,NA,82.5,9.5,NA,NA,NA,NA
Karlsruhe,2012,Kar12R,rainfed,401882,3,20,3901,B73_H_check,10,14,NA,NA,NA,NA,99,9.5,NA,NA,82.5,8.5,NA,NA,NA,NA,NA,NA
Debrecen,2012,Deb12W,watered,WW1132,1,19,3901,B73_H_check,NA,16.33333333,NA,NA,NA,NA,NA,NA,96.74,8.93,NA,NA,95.35,9.19,NA,NA,NA,NA
Debrecen,2012,Deb12W,watered,WW2061,2,9,3901,B73_H_check,NA,16.6,NA,NA,NA,NA,NA,NA,99.08,9.06,NA,NA,97.43,9.33,NA,NA,NA,NA
Debrecen,2012,Deb12R,rainfed,WD1087,1,13,3901,B73_H_check,NA,16.6,NA,NA,NA,NA,NA,NA,94.51,9.02,NA,NA,93.6,9.04,NA,NA,NA,NA
Debrecen,2012,Deb12R,rainfed,WD2040,2,6,3901,B73_H_check,NA,17,NA,NA,NA,NA,NA,NA,93.02,8.94,NA,NA,90.37,9.2,NA,NA,NA,NA
Debrecen,2012,Deb12R,rainfed,WD3045,3,7,3901,B73_H_check,NA,17,NA,NA,NA,NA,NA,NA,92.5,9.16,NA,NA,89.4,9.17,NA,NA,NA,NA
Campagnola,2012,Cam12W,watered,113901,1,29,3901,B73_H_check,1,16,NA,NA,NA,NA,75,8.5,NA,NA,85,9.5,NA,NA,NA,NA,NA,NA
Campagnola,2012,Cam12W,watered,113901,1,29,3901,B73_H_check,2,16,NA,NA,NA,NA,80,9,NA,NA,80,9,NA,NA,NA,NA,NA,NA
Campagnola,2012,Cam12W,watered,113901,1,29,3901,B73_H_check,3,16,NA,NA,NA,NA,80,9,NA,NA,85,9.5,NA,NA,NA,NA,NA,NA
Campagnola,2012,Cam12W,watered,113901,1,29,3901,B73_H_check,4,16,NA,NA,NA,NA,75,8.5,NA,NA,85,9,NA,NA,NA,NA,NA,NA
Campagnola,2012,Cam12W,watered,113901,1,29,3901,B73_H_check,5,16,NA,NA,NA,NA,80,9,NA,NA,85,9.5,NA,NA,NA,NA,NA,NA
Campagnola,2012,Cam12W,watered,113901,1,29,3901,B73_H_check,6,16,NA,NA,NA,NA,80,9,NA,NA,80,9.5,NA,NA,NA,NA,NA,NA
Campagnola,2012,Cam12W,watered,113901,1,29,3901,B73_H_check,7,16,NA,NA,NA,NA,80,9,NA,NA,85,9.5,NA,NA,NA,NA,NA,NA
Campagnola,2012,Cam12W,watered,113901,1,29,3901,B73_H_check,8,16,NA,NA,NA,NA,80,9,NA,NA,80,9,NA,NA,NA,NA,NA,NA
Campagnola,2012,Cam12W,watered,113901,1,29,3901,B73_H_check,9,16,NA,NA,NA,NA,80,9,NA,NA,80,9,NA,NA,NA,NA,NA,NA
Campagnola,2012,Cam12W,watered,113901,1,29,3901,B73_H_check,10,16,NA,NA,NA,NA,75,8.5,NA,NA,80,9,NA,NA,NA,NA,NA,NA
Campagnola,2012,Cam12W,watered,123901,2,35,3901,B73_H_check,1,16,NA,NA,NA,NA,80,8.5,NA,NA,80,7,NA,NA,NA,NA,NA,NA
Campagnola,2012,Cam12W,watered,123901,2,35,3901,B73_H_check,2,16,NA,NA,NA,NA,80,8.5,NA,NA,80,7,NA,NA,NA,NA,NA,NA
Campagnola,2012,Cam12W,watered,123901,2,35,3901,B73_H_check,3,16,NA,NA,NA,NA,75,8,NA,NA,75,7,NA,NA,NA,NA,NA,NA
Campagnola,2012,Cam12W,watered,123901,2,35,3901,B73_H_check,4,16,NA,NA,NA,NA,80,8,NA,NA,85,7,NA,NA,NA,NA,NA,NA
Campagnola,2012,Cam12W,watered,123901,2,35,3901,B73_H_check,5,16,NA,NA,NA,NA,70,8,NA,NA,80,7.5,NA,NA,NA,NA,NA,NA
Campagnola,2012,Cam12W,watered,123901,2,35,3901,B73_H_check,6,16,NA,NA,NA,NA,80,8.5,NA,NA,80,7,NA,NA,NA,NA,NA,NA
Campagnola,2012,Cam12W,watered,123901,2,35,3901,B73_H_check,7,16,NA,NA,NA,NA,80,8.5,NA,NA,75,7,NA,NA,NA,NA,NA,NA
Campagnola,2012,Cam12W,watered,123901,2,35,3901,B73_H_check,8,16,NA,NA,NA,NA,70,8,NA,NA,80,7,NA,NA,NA,NA,NA,NA
Campagnola,2012,Cam12W,watered,123901,2,35,3901,B73_H_check,9,16,NA,NA,NA,NA,65,6,NA,NA,80,7,NA,NA,NA,NA,NA,NA
Campagnola,2012,Cam12W,watered,123901,2,35,3901,B73_H_check,10,16,NA,NA,NA,NA,70,8,NA,NA,75,7,NA,NA,NA,NA,NA,NA
Campagnola,2012,Cam12R,rainfed,213901,1,8,3901,B73_H_check,1,16,NA,NA,NA,NA,80,9,NA,NA,80,8.5,NA,NA,NA,NA,NA,NA
Campagnola,2012,Cam12R,rainfed,213901,1,8,3901,B73_H_check,2,16,NA,NA,NA,NA,80,8,NA,NA,80,8,NA,NA,NA,NA,NA,NA
Campagnola,2012,Cam12R,rainfed,213901,1,8,3901,B73_H_check,3,16,NA,NA,NA,NA,80,8.5,NA,NA,80,8,NA,NA,NA,NA,NA,NA
Campagnola,2012,Cam12R,rainfed,213901,1,8,3901,B73_H_check,4,16,NA,NA,NA,NA,80,8,NA,NA,80,8,NA,NA,NA,NA,NA,NA
Campagnola,2012,Cam12R,rainfed,213901,1,8,3901,B73_H_check,5,16,NA,NA,NA,NA,80,9,NA,NA,80,8,NA,NA,NA,NA,NA,NA
Campagnola,2012,Cam12R,rainfed,213901,1,8,3901,B73_H_check,6,16,NA,NA,NA,NA,80,8.5,NA,NA,80,8,NA,NA,NA,NA,NA,NA
Campagnola,2012,Cam12R,rainfed,213901,1,8,3901,B73_H_check,7,16,NA,NA,NA,NA,80,8.5,NA,NA,80,8.5,NA,NA,NA,NA,NA,NA
Campagnola,2012,Cam12R,rainfed,213901,1,8,3901,B73_H_check,8,16,NA,NA,NA,NA,80,8,NA,NA,80,8,NA,NA,NA,NA,NA,NA
Campagnola,2012,Cam12R,rainfed,213901,1,8,3901,B73_H_check,9,16,NA,NA,NA,NA,80,8.5,NA,NA,80,8,NA,NA,NA,NA,NA,NA
Campagnola,2012,Cam12R,rainfed,213901,1,8,3901,B73_H_check,10,16,NA,NA,NA,NA,80,8,NA,NA,80,8,NA,NA,NA,NA,NA,NA
Campagnola,2012,Cam12R,rainfed,223901,2,26,3901,B73_H_check,1,16,NA,NA,NA,NA,75,8,NA,NA,70,7,NA,NA,NA,NA,NA,NA
Campagnola,2012,Cam12R,rainfed,223901,2,26,3901,B73_H_check,2,16,NA,NA,NA,NA,75,8,NA,NA,70,7.5,NA,NA,NA,NA,NA,NA
Campagnola,2012,Cam12R,rainfed,223901,2,26,3901,B73_H_check,3,16,NA,NA,NA,NA,80,8,NA,NA,75,7,NA,NA,NA,NA,NA,NA
Campagnola,2012,Cam12R,rainfed,223901,2,26,3901,B73_H_check,4,16,NA,NA,NA,NA,80,8,NA,NA,70,7,NA,NA,NA,NA,NA,NA
Campagnola,2012,Cam12R,rainfed,223901,2,26,3901,B73_H_check,5,16,NA,NA,NA,NA,75,8,NA,NA,75,7.5,NA,NA,NA,NA,NA,NA
Campagnola,2012,Cam12R,rainfed,223901,2,26,3901,B73_H_check,6,16,NA,NA,NA,NA,75,8,NA,NA,75,7.5,NA,NA,NA,NA,NA,NA
Campagnola,2012,Cam12R,rainfed,223901,2,26,3901,B73_H_check,7,16,NA,NA,NA,NA,75,8,NA,NA,70,7,NA,NA,NA,NA,NA,NA
Campagnola,2012,Cam12R,rainfed,223901,2,26,3901,B73_H_check,8,16,NA,NA,NA,NA,75,8,NA,NA,70,7,NA,NA,NA,NA,NA,NA
Campagnola,2012,Cam12R,rainfed,223901,2,26,3901,B73_H_check,9,16,NA,NA,NA,NA,75,8,NA,NA,70,7,NA,NA,NA,NA,NA,NA
Campagnola,2012,Cam12R,rainfed,223901,2,26,3901,B73_H_check,10,16,NA,NA,NA,NA,80,8.5,NA,NA,70,7,NA,NA,NA,NA,NA,NA
Campagnola,2012,Cam12R,rainfed,233901,3,9,3901,B73_H_check,1,16,NA,NA,NA,NA,70,7.5,NA,NA,70,7.5,NA,NA,NA,NA,NA,NA
Campagnola,2012,Cam12R,rainfed,233901,3,9,3901,B73_H_check,2,16,NA,NA,NA,NA,75,8,NA,NA,70,7.5,NA,NA,NA,NA,NA,NA
Campagnola,2012,Cam12R,rainfed,233901,3,9,3901,B73_H_check,3,16,NA,NA,NA,NA,70,7.5,NA,NA,70,7.5,NA,NA,NA,NA,NA,NA
Campagnola,2012,Cam12R,rainfed,233901,3,9,3901,B73_H_check,4,16,NA,NA,NA,NA,70,7.5,NA,NA,70,7.5,NA,NA,NA,NA,NA,NA
Campagnola,2012,Cam12R,rainfed,233901,3,9,3901,B73_H_check,5,16,NA,NA,NA,NA,70,7,NA,NA,70,7,NA,NA,NA,NA,NA,NA
Campagnola,2012,Cam12R,rainfed,233901,3,9,3901,B73_H_check,6,16,NA,NA,NA,NA,70,7.5,NA,NA,70,7,NA,NA,NA,NA,NA,NA
Campagnola,2012,Cam12R,rainfed,233901,3,9,3901,B73_H_check,7,16,NA,NA,NA,NA,70,7.5,NA,NA,70,7.5,NA,NA,NA,NA,NA,NA
Campagnola,2012,Cam12R,rainfed,233901,3,9,3901,B73_H_check,8,16,NA,NA,NA,NA,60,8,NA,NA,65,7.5,NA,NA,NA,NA,NA,NA
Campagnola,2012,Cam12R,rainfed,233901,3,9,3901,B73_H_check,9,16,NA,NA,NA,NA,65,7.5,NA,NA,65,7.5,NA,NA,NA,NA,NA,NA
Campagnola,2012,Cam12R,rainfed,233901,3,9,3901,B73_H_check,10,16,NA,NA,NA,NA,70,7,NA,NA,70,7.5,NA,NA,NA,NA,NA,NA
Bologna,2012,Bol12W,watered,1342,2,37,3901,B73_H_check,1,16,NA,NA,NA,NA,93,9,NA,NA,86,8.5,NA,NA,NA,NA,NA,NA
Bologna,2012,Bol12W,watered,1342,2,37,3901,B73_H_check,2,16,NA,NA,NA,NA,93,9,NA,NA,85,8,NA,NA,NA,NA,NA,NA
Bologna,2012,Bol12W,watered,1342,2,37,3901,B73_H_check,3,16,NA,NA,NA,NA,93,9,NA,NA,85,8.5,NA,NA,NA,NA,NA,NA
Bologna,2012,Bol12W,watered,1342,2,37,3901,B73_H_check,4,15,NA,NA,80,8,NA,NA,82,7.5,NA,NA,NA,NA,NA,NA,NA,NA
Bologna,2012,Bol12W,watered,1342,2,37,3901,B73_H_check,5,18,NA,NA,80,9,NA,NA,83,7.5,NA,NA,NA,NA,NA,NA,NA,NA
Bologna,2012,Bol12W,watered,1382,2,39,3001,B73_H,1,16,NA,NA,NA,NA,91,8.5,NA,NA,82,8,NA,NA,NA,NA,NA,NA
Bologna,2012,Bol12W,watered,1382,2,39,3001,B73_H,2,18,NA,NA,NA,NA,90,8,NA,NA,89,7.5,NA,NA,NA,NA,NA,NA
Bologna,2012,Bol12W,watered,1382,2,39,3001,B73_H,3,18,NA,NA,NA,NA,90,7.5,NA,NA,80,7,NA,NA,NA,NA,NA,NA
Bologna,2012,Bol12W,watered,1382,2,39,3001,B73_H,4,16,NA,NA,NA,NA,94,8,NA,NA,90,7,NA,NA,NA,NA,NA,NA
Bologna,2012,Bol12W,watered,1382,2,39,3001,B73_H,5,16,NA,NA,NA,NA,97,8,NA,NA,80,8,NA,NA,NA,NA,NA,NA
Bologna,2012,Bol12W,watered,1403,1,18,3001,B73_H,1,16,NA,NA,NA,NA,80,8,NA,NA,79,8,NA,NA,NA,NA,NA,NA
Bologna,2012,Bol12W,watered,1403,1,18,3001,B73_H,2,17,NA,NA,NA,NA,88,8,NA,NA,83,8,NA,NA,NA,NA,NA,NA
Bologna,2012,Bol12W,watered,1403,1,18,3001,B73_H,3,18,NA,NA,NA,NA,86,8.5,NA,NA,74,7.4,NA,NA,NA,NA,NA,NA
Bologna,2012,Bol12W,watered,1403,1,18,3001,B73_H,4,17,NA,NA,NA,NA,NA,NA,84,8.6,NA,NA,65,7,NA,NA,NA,NA
Bologna,2012,Bol12W,watered,1403,1,18,3001,B73_H,5,16,NA,NA,NA,NA,88,9,NA,NA,84,8,NA,NA,NA,NA,NA,NA
Bologna,2012,Bol12W,watered,1418,1,3,3901,B73_H_check,1,18,NA,NA,NA,NA,90,8.7,NA,NA,80,8.5,NA,NA,NA,NA,NA,NA
Bologna,2012,Bol12W,watered,1418,1,3,3901,B73_H_check,2,17,NA,NA,NA,NA,88,8.7,NA,NA,89,8.5,NA,NA,NA,NA,NA,NA
Bologna,2012,Bol12W,watered,1418,1,3,3901,B73_H_check,3,17,NA,NA,NA,NA,92,8,NA,NA,88,7.5,NA,NA,NA,NA,NA,NA
Bologna,2012,Bol12W,watered,1418,1,3,3901,B73_H_check,4,16,NA,NA,NA,NA,90,9,NA,NA,81,8,NA,NA,NA,NA,NA,NA
Bologna,2012,Bol12W,watered,1418,1,3,3901,B73_H_check,5,16,NA,NA,NA,NA,91,8.5,NA,NA,85,8,NA,NA,NA,NA,NA,NA
Bologna,2012,Bol12R,rainfed,2101,1,5,3901,B73_H_check,1,16,NA,NA,NA,NA,96,9,NA,NA,87,8.5,NA,NA,NA,NA,NA,NA
Bologna,2012,Bol12R,rainfed,2101,1,5,3901,B73_H_check,2,16,NA,NA,NA,NA,92,9,NA,NA,84,8.5,NA,NA,NA,NA,NA,NA
Bologna,2012,Bol12R,rainfed,2101,1,5,3901,B73_H_check,3,16,NA,NA,NA,NA,91,9,NA,NA,87,8.5,NA,NA,NA,NA,NA,NA
Bologna,2012,Bol12R,rainfed,2101,1,5,3901,B73_H_check,4,17,NA,NA,NA,NA,91,9,NA,NA,99,8.5,NA,NA,NA,NA,NA,NA
Bologna,2012,Bol12R,rainfed,2101,1,5,3901,B73_H_check,5,16,NA,NA,NA,NA,95,8.5,NA,NA,86,8,NA,NA,NA,NA,NA,NA
Bologna,2012,Bol12R,rainfed,2237,1,16,3001,B73_H,1,16,NA,NA,NA,NA,96,8.5,NA,NA,88,8,NA,NA,NA,NA,NA,NA
Bologna,2012,Bol12R,rainfed,2237,1,16,3001,B73_H,2,16,NA,NA,NA,NA,90,9,NA,NA,89,8,NA,NA,NA,NA,NA,NA
Bologna,2012,Bol12R,rainfed,2237,1,16,3001,B73_H,3,16,NA,NA,NA,NA,90,9,NA,NA,83,7,NA,NA,NA,NA,NA,NA
Bologna,2012,Bol12R,rainfed,2237,1,16,3001,B73_H,4,16,NA,NA,NA,NA,87,9,NA,NA,82,8,NA,NA,NA,NA,NA,NA
Bologna,2012,Bol12R,rainfed,2237,1,16,3001,B73_H,5,16,NA,NA,NA,NA,90,8.5,NA,NA,85,7.5,NA,NA,NA,NA,NA,NA
Bologna,2012,Bol12R,rainfed,2349,2,36,3901,B73_H_check,1,19,NA,NA,NA,NA,74,7,NA,NA,91,8,NA,NA,NA,NA,NA,NA
Bologna,2012,Bol12R,rainfed,2349,2,36,3901,B73_H_check,2,16,NA,NA,NA,NA,84,9,NA,NA,83,8,NA,NA,NA,NA,NA,NA
Bologna,2012,Bol12R,rainfed,2349,2,36,3901,B73_H_check,3,16,NA,NA,NA,NA,NA,NA,93,9,NA,NA,85,8,NA,NA,NA,NA
Bologna,2012,Bol12R,rainfed,2349,2,36,3901,B73_H_check,4,16,NA,NA,NA,NA,84,9,NA,NA,80,7.5,NA,NA,NA,NA,NA,NA
Bologna,2012,Bol12R,rainfed,2349,2,36,3901,B73_H_check,5,16,NA,NA,NA,NA,93,9,NA,NA,82,8,NA,NA,NA,NA,NA,NA
Bologna,2012,Bol12R,rainfed,2408,2,40,3001,B73_H,1,16,NA,NA,NA,NA,90,9,NA,NA,72,8.5,NA,NA,NA,NA,NA,NA
Bologna,2012,Bol12R,rainfed,2408,2,40,3001,B73_H,2,17,NA,NA,NA,NA,NA,NA,90,9,NA,NA,82,9,NA,NA,NA,NA
Bologna,2012,Bol12R,rainfed,2408,2,40,3001,B73_H,3,17,NA,NA,NA,NA,NA,NA,90,9,NA,NA,73,8.5,NA,NA,NA,NA
Bologna,2012,Bol12R,rainfed,2408,2,40,3001,B73_H,4,16,NA,NA,NA,NA,83,9,NA,NA,81,9,NA,NA,NA,NA,NA,NA
Bologna,2012,Bol12R,rainfed,2408,2,40,3001,B73_H,5,16,NA,NA,NA,NA,90,9,NA,NA,82,9,NA,NA,NA,NA,NA,NA
Bologna,2012,Bol12R,rainfed,2750,3,61,3001,B73_H,1,15,NA,NA,NA,NA,92,8,NA,NA,81,8,NA,NA,NA,NA,NA,NA
Bologna,2012,Bol12R,rainfed,2750,3,61,3001,B73_H,2,16,NA,NA,NA,NA,90,8,NA,NA,82,8,NA,NA,NA,NA,NA,NA
Bologna,2012,Bol12R,rainfed,2750,3,61,3001,B73_H,3,16,NA,NA,NA,NA,82,8,NA,NA,72,7.5,NA,NA,NA,NA,NA,NA
Bologna,2012,Bol12R,rainfed,2750,3,61,3001,B73_H,4,16,NA,NA,NA,NA,87,9,NA,NA,79,9,NA,NA,NA,NA,NA,NA
Bologna,2012,Bol12R,rainfed,2750,3,61,3001,B73_H,5,16,NA,NA,NA,NA,87,8,NA,NA,78,7,NA,NA,NA,NA,NA,NA
Bologna,2012,Bol12R,rainfed,2754,3,57,3901,B73_H_check,1,16,NA,NA,NA,NA,91,7,NA,NA,84,7,NA,NA,NA,NA,NA,NA
Bologna,2012,Bol12R,rainfed,2754,3,57,3901,B73_H_check,2,16,NA,NA,NA,NA,89,8,NA,NA,81,7.5,NA,NA,NA,NA,NA,NA
Bologna,2012,Bol12R,rainfed,2754,3,57,3901,B73_H_check,3,15,NA,NA,NA,NA,89,8,NA,NA,88,7.5,NA,NA,NA,NA,NA,NA
Bologna,2012,Bol12R,rainfed,2754,3,57,3901,B73_H_check,4,16,NA,NA,NA,NA,89,8,NA,NA,84,7.5,NA,NA,NA,NA,NA,NA
Bologna,2012,Bol12R,rainfed,2754,3,57,3901,B73_H_check,5,15,NA,NA,NA,NA,88,8.5,NA,NA,81,7.5,NA,NA,NA,NA,NA,NA
Gaillac,2013,Gai13W,watered,R1014B01252,1,19,3901,B73_H_check,8,17,NA,NA,79,8.5,NA,NA,95,9,NA,NA,95,9.5,NA,NA,NA,NA
Gaillac,2013,Gai13R,rainfed,R1024B03252,3,15,3901,B73_H_check,4,16,NA,NA,67.5,7.5,NA,NA,84.5,9,NA,NA,84,9,NA,NA,NA,NA
Gaillac,2013,Gai13R,rainfed,R1024B03252,3,15,3901,B73_H_check,5,16,NA,NA,69.5,7,NA,NA,89,7.5,NA,NA,78.5,8,NA,NA,NA,NA
Gaillac,2013,Gai13R,rainfed,R1024B03252,3,15,3901,B73_H_check,7,16,NA,NA,76,6.5,NA,NA,91.5,7,NA,NA,68,7,NA,NA,NA,NA
Gaillac,2013,Gai13R,rainfed,R1024B03252,3,15,3901,B73_H_check,8,16,NA,NA,75.5,6.5,NA,NA,90,7.5,NA,NA,75.5,7,NA,NA,NA,NA
Gaillac,2013,Gai13R,rainfed,R1024B03252,3,15,3901,B73_H_check,9,16,NA,NA,74,7.5,NA,NA,84.5,8.5,NA,NA,79,7.7,NA,NA,NA,NA
Gaillac,2013,Gai13R,rainfed,R1024B01252,1,28,3901,B73_H_check,6,16,NA,NA,70,6.5,NA,NA,93.5,7.5,NA,NA,78,7.5,NA,NA,NA,NA
Gaillac,2013,Gai13W,watered,R1014B02252,2,17,3901,B73_H_check,1,17,NA,NA,NA,NA,83,9,NA,NA,94,10.5,NA,NA,89.5,10.2,NA,NA
Gaillac,2013,Gai13W,watered,R1014B02252,2,17,3901,B73_H_check,2,17,NA,NA,NA,NA,74,7.3,NA,NA,94.5,7.7,NA,NA,88.5,8,NA,NA
Gaillac,2013,Gai13W,watered,R1014B02252,2,17,3901,B73_H_check,3,17,NA,NA,NA,NA,84.5,8.5,NA,NA,93.5,9.5,NA,NA,86.5,9,NA,NA
Gaillac,2013,Gai13W,watered,R1014B02252,2,17,3901,B73_H_check,4,17,NA,NA,NA,NA,83.5,8,NA,NA,93,9,NA,NA,88,9,NA,NA
Gaillac,2013,Gai13W,watered,R1014B02252,2,17,3901,B73_H_check,5,17,NA,NA,NA,NA,83,8.2,NA,NA,97.5,9,NA,NA,86.5,8.5,NA,NA
Gaillac,2013,Gai13W,watered,R1014B02252,2,17,3901,B73_H_check,6,17,NA,NA,NA,NA,84,8,NA,NA,97,9,NA,NA,87.5,9,NA,NA
Gaillac,2013,Gai13W,watered,R1014B02252,2,17,3901,B73_H_check,7,17,NA,NA,NA,NA,87.5,7.5,NA,NA,88.5,9.5,NA,NA,83.5,8.5,NA,NA
Gaillac,2013,Gai13W,watered,R1014B02252,2,17,3901,B73_H_check,8,17,NA,NA,NA,NA,80,8,NA,NA,90.5,8.5,NA,NA,85.5,8.5,NA,NA
Gaillac,2013,Gai13W,watered,R1014B02252,2,17,3901,B73_H_check,9,17,NA,NA,NA,NA,80.5,8,NA,NA,92.5,10,NA,NA,83.5,8.5,NA,NA
Gaillac,2013,Gai13W,watered,R1014B02252,2,17,3901,B73_H_check,10,17,NA,NA,NA,NA,84,8,NA,NA,100,10,NA,NA,92.5,9.5,NA,NA
Gaillac,2013,Gai13W,watered,R1014B01252,1,19,3901,B73_H_check,1,17,NA,NA,NA,NA,83,8.3,NA,NA,92,9,NA,NA,88,9,NA,NA
Gaillac,2013,Gai13W,watered,R1014B01252,1,19,3901,B73_H_check,2,17,NA,NA,NA,NA,79,8.5,NA,NA,91,9,NA,NA,89,9,NA,NA
Gaillac,2013,Gai13W,watered,R1014B01252,1,19,3901,B73_H_check,4,17,NA,NA,NA,NA,86,8,NA,NA,101,10,NA,NA,91,9,NA,NA
Gaillac,2013,Gai13W,watered,R1014B01252,1,19,3901,B73_H_check,6,17,NA,NA,NA,NA,80,7,NA,NA,96,9,NA,NA,88,9.2,NA,NA
Gaillac,2013,Gai13W,watered,R1014B01252,1,19,3901,B73_H_check,7,17,NA,NA,NA,NA,83,7.5,NA,NA,95,9.5,NA,NA,98,10,NA,NA
Gaillac,2013,Gai13W,watered,R1014B01252,1,19,3901,B73_H_check,9,17,NA,NA,NA,NA,82,7.5,NA,NA,93,8.5,NA,NA,83.5,8.5,NA,NA
Gaillac,2013,Gai13W,watered,R1014B01252,1,19,3901,B73_H_check,10,17,NA,NA,NA,NA,82.5,8,NA,NA,95.5,8.5,NA,NA,94,9.5,NA,NA
Gaillac,2013,Gai13R,rainfed,R1024B02252,2,1,3901,B73_H_check,1,17,NA,NA,NA,NA,81,7.5,NA,NA,91,9,NA,NA,80.5,8.5,NA,NA
Gaillac,2013,Gai13R,rainfed,R1024B02252,2,1,3901,B73_H_check,2,16,NA,NA,NA,NA,81.5,7.5,NA,NA,92,7.5,NA,NA,69,7.2,NA,NA
Gaillac,2013,Gai13R,rainfed,R1024B02252,2,1,3901,B73_H_check,3,17,NA,NA,NA,NA,80,8,NA,NA,89.5,8.2,NA,NA,72,8,NA,NA
Gaillac,2013,Gai13R,rainfed,R1024B02252,2,1,3901,B73_H_check,4,17,NA,NA,NA,NA,85,7.7,NA,NA,93,8,NA,NA,76,7.7,NA,NA
Gaillac,2013,Gai13R,rainfed,R1024B02252,2,1,3901,B73_H_check,5,16,NA,NA,NA,NA,74.5,8,NA,NA,82,8,NA,NA,67,7.5,NA,NA
Gaillac,2013,Gai13R,rainfed,R1024B02252,2,1,3901,B73_H_check,6,16,NA,NA,NA,NA,78,7.5,NA,NA,88,7.9,NA,NA,72,7.5,NA,NA
Gaillac,2013,Gai13R,rainfed,R1024B02252,2,1,3901,B73_H_check,7,16,NA,NA,NA,NA,81.5,7,NA,NA,88,7,NA,NA,64,6.5,NA,NA
Gaillac,2013,Gai13R,rainfed,R1024B02252,2,1,3901,B73_H_check,8,17,NA,NA,NA,NA,74,7,NA,NA,85,8,NA,NA,74,7.8,NA,NA
Gaillac,2013,Gai13R,rainfed,R1024B02252,2,1,3901,B73_H_check,9,17,NA,NA,NA,NA,76,8,NA,NA,85.5,8.5,NA,NA,78,7.7,NA,NA
Gaillac,2013,Gai13R,rainfed,R1024B02252,2,1,3901,B73_H_check,10,17,NA,NA,NA,NA,79,8.1,NA,NA,88,8.5,NA,NA,79.5,8.5,NA,NA
Gaillac,2013,Gai13R,rainfed,R1024B03252,3,15,3901,B73_H_check,1,17,NA,NA,NA,NA,84,7.5,NA,NA,92,8,NA,NA,71,7.2,NA,NA
Gaillac,2013,Gai13R,rainfed,R1024B03252,3,15,3901,B73_H_check,2,17,NA,NA,NA,NA,75,7.5,NA,NA,86.5,8,NA,NA,71,7.5,NA,NA
Gaillac,2013,Gai13R,rainfed,R1024B03252,3,15,3901,B73_H_check,3,17,NA,NA,NA,NA,79,8.5,NA,NA,86,10,NA,NA,78,9.5,NA,NA
Gaillac,2013,Gai13R,rainfed,R1024B03252,3,15,3901,B73_H_check,6,17,NA,NA,NA,NA,80,7.7,NA,NA,94,8.5,NA,NA,72.5,8,NA,NA
Gaillac,2013,Gai13R,rainfed,R1024B03252,3,15,3901,B73_H_check,10,17,NA,NA,NA,NA,85.5,7.5,NA,NA,92,8.5,NA,NA,74,8,NA,NA
Gaillac,2013,Gai13R,rainfed,R1024B01252,1,28,3901,B73_H_check,1,17,NA,NA,NA,NA,68,7,NA,NA,90,8,NA,NA,70,8,NA,NA
Gaillac,2013,Gai13R,rainfed,R1024B01252,1,28,3901,B73_H_check,2,16,NA,NA,NA,NA,81,7,NA,NA,77,8,NA,NA,56,7,NA,NA
Gaillac,2013,Gai13R,rainfed,R1024B01252,1,28,3901,B73_H_check,3,17,NA,NA,NA,NA,82.5,8.5,NA,NA,92,9,NA,NA,78.5,8,NA,NA
Gaillac,2013,Gai13R,rainfed,R1024B01252,1,28,3901,B73_H_check,4,17,NA,NA,NA,NA,78,6,NA,NA,73.5,6.5,NA,NA,54.5,6.5,NA,NA
Gaillac,2013,Gai13R,rainfed,R1024B01252,1,28,3901,B73_H_check,5,17,NA,NA,NA,NA,78,7,NA,NA,91,8,NA,NA,72.5,7.7,NA,NA
Gaillac,2013,Gai13R,rainfed,R1024B01252,1,28,3901,B73_H_check,7,17,NA,NA,NA,NA,92,7.5,NA,NA,98.5,8.5,NA,NA,76,7.9,NA,NA
Gaillac,2013,Gai13R,rainfed,R1024B01252,1,28,3901,B73_H_check,9,17,NA,NA,NA,NA,78.5,8,NA,NA,89,9,NA,NA,81,9,NA,NA
Gaillac,2013,Gai13R,rainfed,R1024B01252,1,28,3901,B73_H_check,10,16,NA,NA,NA,NA,81,7,NA,NA,84.5,7.7,NA,NA,63.5,7,NA,NA
Nerac,2013,Ner13W,watered,NXN2LAV1050030,2,29,3901,B73_H_check,1,16,NA,NA,54.2,5.4,NA,NA,53.4,5.2,NA,NA,49.6,4.9,NA,NA,NA,NA
Nerac,2013,Ner13W,watered,NXN2LAV1050030,2,29,3901,B73_H_check,3,16,NA,NA,62.2,5.4,NA,NA,57,5.6,NA,NA,54.3,5.7,NA,NA,NA,NA
Nerac,2013,Ner13W,watered,NXN2LAV1050030,2,29,3901,B73_H_check,4,16,NA,NA,65.8,6.5,NA,NA,54.7,6.2,NA,NA,48.3,5.6,NA,NA,NA,NA
Nerac,2013,Ner13W,watered,NXN2LAV1050030,2,29,3901,B73_H_check,5,16,NA,NA,71.3,7,NA,NA,64.3,6.8,NA,NA,55.8,6.5,NA,NA,NA,NA
Nerac,2013,Ner13W,watered,NXN2LAV1050030,2,29,3901,B73_H_check,7,16,NA,NA,69,6.8,NA,NA,63.2,6.6,NA,NA,51.4,6.2,NA,NA,NA,NA
Nerac,2013,Ner13W,watered,NXN2LAV1050030,2,29,3901,B73_H_check,8,16,NA,NA,70,5.9,NA,NA,69.8,6.7,NA,NA,55.8,6.4,NA,NA,NA,NA
Nerac,2013,Ner13W,watered,NXN2LAV1050030,2,29,3901,B73_H_check,9,16,NA,NA,71.2,6.2,NA,NA,66.2,6.6,NA,NA,41.2,5.6,NA,NA,NA,NA
Nerac,2013,Ner13W,watered,NXN2LAV1050030,2,29,3901,B73_H_check,10,16,NA,NA,72.1,6.9,NA,NA,68.2,7.3,NA,NA,62.3,6.9,NA,NA,NA,NA
Nerac,2013,Ner13W,watered,NXN2LAV1030028,1,19,3901,B73_H_check,1,16,NA,NA,74.2,7,NA,NA,75,7.1,NA,NA,68.6,7.3,NA,NA,NA,NA
Nerac,2013,Ner13W,watered,NXN2LAV1030028,1,19,3901,B73_H_check,2,17,NA,NA,80.5,6.8,NA,NA,81.1,7,NA,NA,76.3,7.5,NA,NA,NA,NA
Nerac,2013,Ner13W,watered,NXN2LAV1030028,1,19,3901,B73_H_check,3,16,NA,NA,74.1,6.2,NA,NA,75.2,6.4,NA,NA,67.2,5.9,NA,NA,NA,NA
Nerac,2013,Ner13W,watered,NXN2LAV1030028,1,19,3901,B73_H_check,7,16,NA,NA,85.6,7.9,NA,NA,90.3,8,NA,NA,82.3,8.1,NA,NA,NA,NA
Nerac,2013,Ner13W,watered,NXN2LAV1030028,1,19,3901,B73_H_check,8,16,NA,NA,79.8,7.6,NA,NA,81.7,7.1,NA,NA,71,7.3,NA,NA,NA,NA
Nerac,2013,Ner13W,watered,NXN2LAV1030028,1,19,3901,B73_H_check,9,16,NA,NA,84.2,7.9,NA,NA,91.4,8.7,NA,NA,85.2,8.4,NA,NA,NA,NA
Nerac,2013,Ner13W,watered,NXN2LAV1030028,1,19,3901,B73_H_check,10,16,NA,NA,82.7,7.8,NA,NA,90.6,8.3,NA,NA,80.2,8.2,NA,NA,NA,NA
Nerac,2013,Ner13R,rainfed,NXN2LAV1040006,2,22,3901,B73_H_check,1,16,NA,NA,70.5,5.9,NA,NA,64.9,6.3,NA,NA,57.6,6.2,NA,NA,NA,NA
Nerac,2013,Ner13R,rainfed,NXN2LAV1040006,2,22,3901,B73_H_check,2,16,NA,NA,76.7,7.4,NA,NA,79.4,7.6,NA,NA,70.7,7.6,NA,NA,NA,NA
Nerac,2013,Ner13R,rainfed,NXN2LAV1040006,2,22,3901,B73_H_check,3,16,NA,NA,69.7,6.8,NA,NA,67.8,6.3,NA,NA,54,6.1,NA,NA,NA,NA
Nerac,2013,Ner13R,rainfed,NXN2LAV1040006,2,22,3901,B73_H_check,4,16,NA,NA,90.4,7.9,NA,NA,90.5,8.6,NA,NA,79.5,8.3,NA,NA,NA,NA
Nerac,2013,Ner13R,rainfed,NXN2LAV1040006,2,22,3901,B73_H_check,6,16,NA,NA,75.4,6.8,NA,NA,79,7.5,NA,NA,70.2,7,NA,NA,NA,NA
Nerac,2013,Ner13R,rainfed,NXN2LAV1019010,3,10,3901,B73_H_check,6,16,NA,NA,73.3,6.1,NA,NA,78.9,6.2,NA,NA,75.3,6.8,NA,NA,NA,NA
Nerac,2013,Ner13R,rainfed,NXN2LAV1063003,1,35,3901,B73_H_check,2,16,NA,NA,83.7,6.7,NA,NA,88,7.7,NA,NA,70.5,7.6,NA,NA,NA,NA
Nerac,2013,Ner13R,rainfed,NXN2LAV1063003,1,35,3901,B73_H_check,4,16,NA,NA,75,6.9,NA,NA,75,6.8,NA,NA,NA,NA,64,6.8,NA,NA
Nerac,2013,Ner13R,rainfed,NXN2LAV1063003,1,35,3901,B73_H_check,5,16,NA,NA,77,7.8,NA,NA,79.1,7.7,NA,NA,NA,NA,63,7,NA,NA
Nerac,2013,Ner13R,rainfed,NXN2LAV1063003,1,35,3901,B73_H_check,7,16,NA,NA,69.1,6.4,NA,NA,71.3,6.4,NA,NA,65.2,6.5,NA,NA,NA,NA
Nerac,2013,Ner13R,rainfed,NXN2LAV1063003,1,35,3901,B73_H_check,10,16,NA,NA,65,5.8,NA,NA,78.1,6.5,NA,NA,69.8,6.9,NA,NA,NA,NA
Nerac,2013,Ner13W,watered,NXN2LAV1050030,2,29,3901,B73_H_check,2,17,NA,NA,NA,NA,65.7,5.7,NA,NA,63.3,6,NA,NA,55.8,5.4,NA,NA
Nerac,2013,Ner13W,watered,NXN2LAV1050030,2,29,3901,B73_H_check,6,16,NA,NA,NA,NA,69.4,6.6,NA,NA,62.7,6.3,NA,NA,54.7,6,NA,NA
Nerac,2013,Ner13W,watered,NXN2LAV1030028,1,19,3901,B73_H_check,4,17,NA,NA,NA,NA,91.7,8,NA,NA,92,8.5,NA,NA,79.5,8.2,NA,NA
Nerac,2013,Ner13W,watered,NXN2LAV1030028,1,19,3901,B73_H_check,5,17,NA,NA,NA,NA,85.7,8,NA,NA,86.5,7.8,NA,NA,68.2,7.3,NA,NA
Nerac,2013,Ner13W,watered,NXN2LAV1030028,1,19,3901,B73_H_check,6,17,NA,NA,NA,NA,83.9,8,NA,NA,94,8.3,NA,NA,72.5,7.8,NA,NA
Nerac,2013,Ner13R,rainfed,NXN2LAV1040006,2,22,3901,B73_H_check,8,17,NA,NA,NA,NA,84.6,7.7,NA,NA,82.1,7.8,NA,NA,63.8,7.1,NA,NA
Nerac,2013,Ner13R,rainfed,NXN2LAV1040006,2,22,3901,B73_H_check,9,17,NA,NA,NA,NA,82.8,8.3,NA,NA,84.3,8,NA,NA,68.4,6.7,NA,NA
Nerac,2013,Ner13R,rainfed,NXN2LAV1040006,2,22,3901,B73_H_check,10,16,NA,NA,NA,NA,88.7,7.6,NA,NA,93.8,7.7,NA,NA,74.9,7.6,NA,NA
Nerac,2013,Ner13R,rainfed,NXN2LAV1019010,3,10,3901,B73_H_check,1,17,NA,NA,NA,NA,80.4,7.1,NA,NA,82.1,7.6,NA,NA,73.6,7.3,NA,NA
Nerac,2013,Ner13R,rainfed,NXN2LAV1019010,3,10,3901,B73_H_check,4,16,NA,NA,NA,NA,80.7,8.1,NA,NA,84,7.6,NA,NA,71.8,7.6,NA,NA
Nerac,2013,Ner13R,rainfed,NXN2LAV1019010,3,10,3901,B73_H_check,5,17,NA,NA,NA,NA,85.3,7.6,NA,NA,83.6,7.8,NA,NA,72.7,7.6,NA,NA
Nerac,2013,Ner13R,rainfed,NXN2LAV1019010,3,10,3901,B73_H_check,7,17,NA,NA,NA,NA,75.6,7.6,NA,NA,80.3,7.5,NA,NA,58.7,6.2,NA,NA
Nerac,2013,Ner13R,rainfed,NXN2LAV1019010,3,10,3901,B73_H_check,8,17,NA,NA,NA,NA,74,6.9,NA,NA,73.9,6.9,NA,NA,61.2,6.3,NA,NA
Nerac,2013,Ner13R,rainfed,NXN2LAV1019010,3,10,3901,B73_H_check,9,17,NA,NA,NA,NA,78,7,NA,NA,73.5,6.7,NA,NA,57.2,6,NA,NA
Nerac,2013,Ner13R,rainfed,NXN2LAV1019010,3,10,3901,B73_H_check,10,17,NA,NA,NA,NA,81.5,7.7,NA,NA,87.2,8,NA,NA,79.4,7.8,NA,NA
Nerac,2013,Ner13R,rainfed,NXN2LAV1063003,1,35,3901,B73_H_check,1,16,NA,NA,NA,NA,83.3,6.6,NA,NA,82,7.6,NA,NA,72.4,7.5,NA,NA
Nerac,2013,Ner13R,rainfed,NXN2LAV1063003,1,35,3901,B73_H_check,3,17,NA,NA,NA,NA,84,7.1,NA,NA,77.2,6.6,NA,NA,59.5,6.7,NA,NA
Nerac,2013,Ner13R,rainfed,NXN2LAV1063003,1,35,3901,B73_H_check,6,16,NA,NA,NA,NA,67.3,5.8,NA,NA,65,5.9,NA,NA,52,6,NA,NA
Nerac,2013,Ner13R,rainfed,NXN2LAV1063003,1,35,3901,B73_H_check,8,16,NA,NA,NA,NA,71.3,6.3,NA,NA,68.8,6.5,NA,NA,58.6,6.4,NA,NA
Nerac,2013,Ner13R,rainfed,NXN2LAV1040006,2,22,3901,B73_H_check,7,17,NA,NA,NA,NA,NA,NA,87.3,8,NA,NA,90.6,8,NA,NA,69.4,7.6
Murony,2013,Mur13W,watered,400643,1,3,3001,B73_H,1,17,NA,NA,89,7,NA,NA,98,9,NA,NA,87,8.5,NA,NA,NA,NA
Murony,2013,Mur13W,watered,400643,1,3,3001,B73_H,2,16,NA,NA,90,7,NA,NA,93,9.5,NA,NA,83,8,NA,NA,NA,NA
Murony,2013,Mur13W,watered,400643,1,3,3001,B73_H,3,16,NA,NA,84,7,NA,NA,93,8.5,NA,NA,78,7.5,NA,NA,NA,NA
Murony,2013,Mur13W,watered,400643,1,3,3001,B73_H,4,16,NA,NA,84,7.5,NA,NA,90,9.5,NA,NA,88,8.5,NA,NA,NA,NA
Murony,2013,Mur13W,watered,400643,1,3,3001,B73_H,5,16,NA,NA,84,7,NA,NA,94,9,NA,NA,88,8,NA,NA,NA,NA
Murony,2013,Mur13W,watered,400643,1,3,3001,B73_H,7,16,NA,NA,83,7,NA,NA,94,9,NA,NA,88,8,NA,NA,NA,NA
Murony,2013,Mur13W,watered,400643,1,3,3001,B73_H,8,16,NA,NA,86,7,NA,NA,96,8.5,NA,NA,89,8,NA,NA,NA,NA
Murony,2013,Mur13W,watered,400643,1,3,3001,B73_H,6,17,NA,NA,NA,NA,86,7,NA,NA,89,8.5,NA,NA,81,7,NA,NA
Murony,2013,Mur13W,watered,400643,1,3,3001,B73_H,9,17,NA,NA,NA,NA,92,7,NA,NA,94,9,NA,NA,82,7,NA,NA
Murony,2013,Mur13W,watered,400643,1,3,3001,B73_H,10,17,NA,NA,NA,NA,91,7.5,NA,NA,91,8.5,NA,NA,78,6.5,NA,NA
Murony,2013,Mur13W,watered,400839,1,24,3901,B73_H_check,1,16,NA,NA,82,7.5,NA,NA,90,9,NA,NA,87,8,NA,NA,NA,NA
Murony,2013,Mur13W,watered,400839,1,24,3901,B73_H_check,3,16,NA,NA,90,7,NA,NA,90,8,NA,NA,81,8,NA,NA,NA,NA
Murony,2013,Mur13W,watered,400839,1,24,3901,B73_H_check,4,16,NA,NA,81,8,NA,NA,90,9,NA,NA,81,8,NA,NA,NA,NA
Murony,2013,Mur13W,watered,400839,1,24,3901,B73_H_check,5,17,NA,NA,84,7,NA,NA,94,9,NA,NA,90,8,NA,NA,NA,NA
Murony,2013,Mur13W,watered,400839,1,24,3901,B73_H_check,6,16,NA,NA,79,7.5,NA,NA,91,8,NA,NA,86,8,NA,NA,NA,NA
Murony,2013,Mur13W,watered,400839,1,24,3901,B73_H_check,8,16,NA,NA,78,7.5,NA,NA,89,9,NA,NA,78,7.5,NA,NA,NA,NA
Murony,2013,Mur13W,watered,400839,1,24,3901,B73_H_check,9,16,NA,NA,73,7,NA,NA,91,7.5,NA,NA,87,7,NA,NA,NA,NA
Murony,2013,Mur13W,watered,400839,1,24,3901,B73_H_check,10,16,NA,NA,85,8,NA,NA,92,9.5,NA,NA,87,7.5,NA,NA,NA,NA
Murony,2013,Mur13W,watered,400839,1,24,3901,B73_H_check,2,16,NA,NA,NA,NA,90,9,NA,NA,83,8.5,NA,NA,78,7.5,NA,NA
Murony,2013,Mur13W,watered,400839,1,24,3901,B73_H_check,7,17,NA,NA,NA,NA,83,8,NA,NA,92,8.5,NA,NA,81,7.5,NA,NA
Murony,2013,Mur13W,watered,400867,2,25,3001,B73_H,1,15,82,7.5,NA,NA,88,9.5,NA,NA,80,8,NA,NA,NA,NA,NA,NA
Murony,2013,Mur13W,watered,400867,2,25,3001,B73_H,2,17,NA,NA,86,7.5,NA,NA,92,8.5,NA,NA,82,7,NA,NA,NA,NA
Murony,2013,Mur13W,watered,400867,2,25,3001,B73_H,3,16,NA,NA,85,6.5,NA,NA,93,8,NA,NA,85,8,NA,NA,NA,NA
Murony,2013,Mur13W,watered,400867,2,25,3001,B73_H,8,16,NA,NA,87,7.5,NA,NA,94,9.5,NA,NA,89,9,NA,NA,NA,NA
Murony,2013,Mur13W,watered,400867,2,25,3001,B73_H,9,16,NA,NA,82,7.5,NA,NA,89,9,NA,NA,84,8,NA,NA,NA,NA
Murony,2013,Mur13W,watered,400867,2,25,3001,B73_H,4,16,NA,NA,NA,NA,83,8,NA,NA,93,9,NA,NA,79,7,NA,NA
Murony,2013,Mur13W,watered,400867,2,25,3001,B73_H,6,17,NA,NA,NA,NA,82,8,NA,NA,87,9,NA,NA,83,8,NA,NA
Murony,2013,Mur13W,watered,400867,2,25,3001,B73_H,7,16,NA,NA,NA,NA,89,8,NA,NA,91,7,NA,NA,81,7.5,NA,NA
Murony,2013,Mur13W,watered,400867,2,25,3001,B73_H,10,17,NA,NA,NA,NA,91,8,NA,NA,93,8.5,NA,NA,82,7.5,NA,NA
Murony,2013,Mur13W,watered,400867,2,25,3001,B73_H,5,17,NA,NA,NA,NA,NA,NA,93,9,NA,NA,92,8.5,NA,NA,68,7
Murony,2013,Mur13W,watered,401045,2,34,3901,B73_H_check,1,15,NA,NA,72,6.5,NA,NA,73,8,NA,NA,74,7.5,NA,NA,NA,NA
Murony,2013,Mur13W,watered,401045,2,34,3901,B73_H_check,2,17,NA,NA,85,7,NA,NA,92,9,NA,NA,85,8.5,NA,NA,NA,NA
Murony,2013,Mur13W,watered,401045,2,34,3901,B73_H_check,3,16,NA,NA,85,7.5,NA,NA,95,10,NA,NA,86,9,NA,NA,NA,NA
Murony,2013,Mur13W,watered,401045,2,34,3901,B73_H_check,4,16,NA,NA,73,7.5,NA,NA,79,8.5,NA,NA,74,7.5,NA,NA,NA,NA
Murony,2013,Mur13W,watered,401045,2,34,3901,B73_H_check,5,16,NA,NA,80,7.5,NA,NA,92,9.5,NA,NA,86,8.5,NA,NA,NA,NA
Murony,2013,Mur13W,watered,401045,2,34,3901,B73_H_check,7,16,NA,NA,75,7,NA,NA,86,8,NA,NA,81,7,NA,NA,NA,NA
Murony,2013,Mur13W,watered,401045,2,34,3901,B73_H_check,10,16,NA,NA,90,8,NA,NA,98,9.5,NA,NA,92,8,NA,NA,NA,NA
Murony,2013,Mur13W,watered,401045,2,34,3901,B73_H_check,6,16,NA,NA,NA,NA,89,9,NA,NA,88,8.5,NA,NA,70,7.5,NA,NA
Murony,2013,Mur13W,watered,401045,2,34,3901,B73_H_check,8,17,NA,NA,NA,NA,89,8,NA,NA,92,8.5,NA,NA,80,7,NA,NA
Murony,2013,Mur13W,watered,401045,2,34,3901,B73_H_check,9,17,NA,NA,NA,NA,86,8.5,NA,NA,87,9,NA,NA,75,7.5,NA,NA
Murony,2013,Mur13R,rainfed,402110,2,1,3001,B73_H,2,15,NA,NA,82,7,NA,NA,92,8,NA,NA,79,7.5,NA,NA,NA,NA
Murony,2013,Mur13R,rainfed,402110,2,1,3001,B73_H,3,16,NA,NA,86,7,NA,NA,92,8.5,NA,NA,79,8,NA,NA,NA,NA
Murony,2013,Mur13R,rainfed,402110,2,1,3001,B73_H,4,16,NA,NA,82,7,NA,NA,84,9,NA,NA,77,8,NA,NA,NA,NA
Murony,2013,Mur13R,rainfed,402110,2,1,3001,B73_H,5,16,NA,NA,80,7.5,NA,NA,91,8.5,NA,NA,80,7,NA,NA,NA,NA
Murony,2013,Mur13R,rainfed,402110,2,1,3001,B73_H,6,16,NA,NA,80,7.5,NA,NA,89,9,NA,NA,82,8.5,NA,NA,NA,NA
Murony,2013,Mur13R,rainfed,402110,2,1,3001,B73_H,7,16,NA,NA,82,7.5,NA,NA,90,8.5,NA,NA,83,8.5,NA,NA,NA,NA
Murony,2013,Mur13R,rainfed,402110,2,1,3001,B73_H,8,16,NA,NA,84,7,NA,NA,92,9,NA,NA,78,8,NA,NA,NA,NA
Murony,2013,Mur13R,rainfed,402110,2,1,3001,B73_H,9,16,NA,NA,83,7,NA,NA,95,9,NA,NA,84,8.5,NA,NA,NA,NA
Murony,2013,Mur13R,rainfed,402110,2,1,3001,B73_H,10,16,NA,NA,79,7.5,NA,NA,90,8.5,NA,NA,86,8,NA,NA,NA,NA
Murony,2013,Mur13R,rainfed,402229,3,5,3901,B73_H_check,1,16,84,7,NA,NA,90,8.5,NA,NA,86,8,NA,NA,NA,NA,NA,NA
Murony,2013,Mur13R,rainfed,402229,3,5,3901,B73_H_check,2,15,80,7.5,NA,NA,92,8.5,NA,NA,84,8.5,NA,NA,NA,NA,NA,NA
Murony,2013,Mur13R,rainfed,402229,3,5,3901,B73_H_check,4,15,91,7.5,NA,NA,97,9,NA,NA,89,8.5,NA,NA,NA,NA,NA,NA
Murony,2013,Mur13R,rainfed,402229,3,5,3901,B73_H_check,6,16,83,7.5,NA,NA,91,8.5,NA,NA,81,8,NA,NA,NA,NA,NA,NA
Murony,2013,Mur13R,rainfed,402229,3,5,3901,B73_H_check,7,15,89,8,NA,NA,92,8.5,NA,NA,84,8,NA,NA,NA,NA,NA,NA
Murony,2013,Mur13R,rainfed,402229,3,5,3901,B73_H_check,9,15,78,7,NA,NA,91,8,NA,NA,86,8,NA,NA,NA,NA,NA,NA
Murony,2013,Mur13R,rainfed,402229,3,5,3901,B73_H_check,10,15,83,7.5,NA,NA,91,9,NA,NA,87,9,NA,NA,NA,NA,NA,NA
Murony,2013,Mur13R,rainfed,402229,3,5,3901,B73_H_check,3,16,NA,NA,86,7,NA,NA,92,9,NA,NA,85,8,NA,NA,NA,NA
Murony,2013,Mur13R,rainfed,402229,3,5,3901,B73_H_check,5,16,NA,NA,92,8,NA,NA,91,9,NA,NA,83,8.5,NA,NA,NA,NA
Murony,2013,Mur13R,rainfed,402229,3,5,3901,B73_H_check,8,16,NA,NA,91,8,NA,NA,91,9,NA,NA,78,7,NA,NA,NA,NA
Murony,2013,Mur13R,rainfed,402408,2,12,3901,B73_H_check,1,15,87,7.5,NA,NA,95,8,NA,NA,79,7.5,NA,NA,NA,NA,NA,NA
Murony,2013,Mur13R,rainfed,402408,2,12,3901,B73_H_check,2,15,84,8,NA,NA,88,9.5,NA,NA,82,8,NA,NA,NA,NA,NA,NA
Murony,2013,Mur13R,rainfed,402408,2,12,3901,B73_H_check,3,15,83,7,NA,NA,92,8.5,NA,NA,81,7,NA,NA,NA,NA,NA,NA
Murony,2013,Mur13R,rainfed,402408,2,12,3901,B73_H_check,4,15,81,8,NA,NA,91,9,NA,NA,81,8,NA,NA,NA,NA,NA,NA
Murony,2013,Mur13R,rainfed,402408,2,12,3901,B73_H_check,7,15,81,7.5,NA,NA,92,8.5,NA,NA,90,8,NA,NA,NA,NA,NA,NA
Murony,2013,Mur13R,rainfed,402408,2,12,3901,B73_H_check,8,16,84,7.5,NA,NA,92,9,NA,NA,84,8.5,NA,NA,NA,NA,NA,NA
Murony,2013,Mur13R,rainfed,402408,2,12,3901,B73_H_check,10,15,84,7.5,NA,NA,91,9.5,NA,NA,86,7,NA,NA,NA,NA,NA,NA
Murony,2013,Mur13R,rainfed,402408,2,12,3901,B73_H_check,5,16,NA,NA,79,7,NA,NA,90,8,NA,NA,81,7,NA,NA,NA,NA
Murony,2013,Mur13R,rainfed,402408,2,12,3901,B73_H_check,6,16,NA,NA,90,8,NA,NA,92,9,NA,NA,81,8,NA,NA,NA,NA
Murony,2013,Mur13R,rainfed,402408,2,12,3901,B73_H_check,9,15,NA,NA,87,8,NA,NA,87,8.5,NA,NA,80,7,NA,NA,NA,NA
Murony,2013,Mur13R,rainfed,402429,1,13,3001,B73_H,1,15,81,7.5,NA,NA,93,8.5,NA,NA,85,7.5,NA,NA,NA,NA,NA,NA
Murony,2013,Mur13R,rainfed,402429,1,13,3001,B73_H,2,15,81,7.5,NA,NA,91,8.5,NA,NA,75,8,NA,NA,NA,NA,NA,NA
Murony,2013,Mur13R,rainfed,402429,1,13,3001,B73_H,3,16,78,7,NA,NA,89,8,NA,NA,88,8,NA,NA,NA,NA,NA,NA
Murony,2013,Mur13R,rainfed,402429,1,13,3001,B73_H,4,15,83,7.5,NA,NA,91,8,NA,NA,89,8.5,NA,NA,NA,NA,NA,NA
Murony,2013,Mur13R,rainfed,402429,1,13,3001,B73_H,5,15,87,8,NA,NA,87,8.5,NA,NA,76,8.5,NA,NA,NA,NA,NA,NA
Murony,2013,Mur13R,rainfed,402429,1,13,3001,B73_H,6,15,85,7,NA,NA,92,8,NA,NA,82,7,NA,NA,NA,NA,NA,NA
Murony,2013,Mur13R,rainfed,402429,1,13,3001,B73_H,7,15,79,7.5,NA,NA,89,8.5,NA,NA,80,7,NA,NA,NA,NA,NA,NA
Murony,2013,Mur13R,rainfed,402429,1,13,3001,B73_H,8,15,89,7.5,NA,NA,92,8.5,NA,NA,83,7,NA,NA,NA,NA,NA,NA
Murony,2013,Mur13R,rainfed,402429,1,13,3001,B73_H,10,15,84,7,NA,NA,91,7.5,NA,NA,83,8,NA,NA,NA,NA,NA,NA
Murony,2013,Mur13R,rainfed,402429,1,13,3001,B73_H,9,15,NA,NA,91,7,NA,NA,91,7.5,NA,NA,79,7,NA,NA,NA,NA
Murony,2013,Mur13R,rainfed,402622,3,20,3001,B73_H,1,15,79,7,NA,NA,91,8.5,NA,NA,88,8,NA,NA,NA,NA,NA,NA
Murony,2013,Mur13R,rainfed,402622,3,20,3001,B73_H,3,16,78,7,NA,NA,89,8,NA,NA,84,8.5,NA,NA,NA,NA,NA,NA
Murony,2013,Mur13R,rainfed,402622,3,20,3001,B73_H,6,15,82,7.5,NA,NA,91,9,NA,NA,86,8.5,NA,NA,NA,NA,NA,NA
Murony,2013,Mur13R,rainfed,402622,3,20,3001,B73_H,7,16,82,7.5,NA,NA,92,9,NA,NA,88,8.5,NA,NA,NA,NA,NA,NA
Murony,2013,Mur13R,rainfed,402622,3,20,3001,B73_H,10,16,83,7.5,NA,NA,92,9,NA,NA,87,9,NA,NA,NA,NA,NA,NA
Murony,2013,Mur13R,rainfed,402622,3,20,3001,B73_H,2,16,NA,NA,79,7.5,NA,NA,82,9,NA,NA,72,7.5,NA,NA,NA,NA
Murony,2013,Mur13R,rainfed,402622,3,20,3001,B73_H,4,16,NA,NA,85,7.5,NA,NA,89,8.5,NA,NA,79,8,NA,NA,NA,NA
Murony,2013,Mur13R,rainfed,402622,3,20,3001,B73_H,5,16,NA,NA,86,7,NA,NA,94,9,NA,NA,84,8,NA,NA,NA,NA
Murony,2013,Mur13R,rainfed,402622,3,20,3001,B73_H,8,16,NA,NA,93,8.5,NA,NA,92,9,NA,NA,79,7,NA,NA,NA,NA
Murony,2013,Mur13R,rainfed,402622,3,20,3001,B73_H,9,16,NA,NA,91,7.5,NA,NA,91,9,NA,NA,83,7,NA,NA,NA,NA
Murony,2013,Mur13R,rainfed,402696,1,23,3901,B73_H_check,1,15,76,7,NA,NA,89,8,NA,NA,86,8,NA,NA,NA,NA,NA,NA
Murony,2013,Mur13R,rainfed,402696,1,23,3901,B73_H_check,2,15,81,7.5,NA,NA,92,9,NA,NA,88,8.5,NA,NA,NA,NA,NA,NA
Murony,2013,Mur13R,rainfed,402696,1,23,3901,B73_H_check,3,15,82,8,NA,NA,86,9.5,NA,NA,80,8.5,NA,NA,NA,NA,NA,NA
Murony,2013,Mur13R,rainfed,402696,1,23,3901,B73_H_check,4,15,77,7.5,NA,NA,89,9,NA,NA,87,9,NA,NA,NA,NA,NA,NA
Murony,2013,Mur13R,rainfed,402696,1,23,3901,B73_H_check,5,15,81,7.5,NA,NA,92,9,NA,NA,88,9,NA,NA,NA,NA,NA,NA
Murony,2013,Mur13R,rainfed,402696,1,23,3901,B73_H_check,7,16,82,7,NA,NA,93,9,NA,NA,84,9,NA,NA,NA,NA,NA,NA
Murony,2013,Mur13R,rainfed,402696,1,23,3901,B73_H_check,8,15,82,7,NA,NA,89,8.5,NA,NA,89,7,NA,NA,NA,NA,NA,NA
Murony,2013,Mur13R,rainfed,402696,1,23,3901,B73_H_check,9,15,82,7,NA,NA,89,9,NA,NA,87,8,NA,NA,NA,NA,NA,NA
Murony,2013,Mur13R,rainfed,402696,1,23,3901,B73_H_check,6,16,NA,NA,86,7.5,NA,NA,89,9.5,NA,NA,83,8,NA,NA,NA,NA
Murony,2013,Mur13R,rainfed,402696,1,23,3901,B73_H_check,10,16,NA,NA,91,8,NA,NA,92,9.5,NA,NA,89,7.5,NA,NA,NA,NA
Karlsruhe,2013,Kar13W,watered,400129,1,23,3901,B73_H_check,3,15,84,7.5,NA,NA,90,9.5,NA,NA,76,8.5,NA,NA,NA,NA,NA,NA
Karlsruhe,2013,Kar13W,watered,400129,1,23,3901,B73_H_check,4,15,82,7,NA,NA,91,8.5,NA,NA,82,8,NA,NA,NA,NA,NA,NA
Karlsruhe,2013,Kar13W,watered,400129,1,23,3901,B73_H_check,6,15,85,8,NA,NA,94.5,9.5,NA,NA,75,9.5,NA,NA,NA,NA,NA,NA
Karlsruhe,2013,Kar13W,watered,400129,1,23,3901,B73_H_check,5,15,NA,NA,86,9,NA,NA,90,10,NA,NA,75,10,NA,NA,NA,NA
Karlsruhe,2013,Kar13W,watered,400129,1,23,3901,B73_H_check,7,15,NA,NA,83,7.5,NA,NA,90,8.5,NA,NA,72,8,NA,NA,NA,NA
Karlsruhe,2013,Kar13W,watered,400129,1,23,3901,B73_H_check,8,16,NA,NA,80,8,NA,NA,76,8,NA,NA,60,8,NA,NA,NA,NA
Karlsruhe,2013,Kar13W,watered,400129,1,23,3901,B73_H_check,9,16,NA,NA,85,8,NA,NA,82,9,NA,NA,74,7.5,NA,NA,NA,NA
Karlsruhe,2013,Kar13W,watered,400129,1,23,3901,B73_H_check,1,17,NA,NA,NA,NA,92,9.5,NA,NA,86,9,NA,NA,75,9,NA,NA
Karlsruhe,2013,Kar13W,watered,400129,1,23,3901,B73_H_check,2,17,NA,NA,NA,NA,88,8,NA,NA,94,9,NA,NA,80,8.5,NA,NA
Karlsruhe,2013,Kar13W,watered,400129,1,23,3901,B73_H_check,10,NA,NA,NA,NA,NA,NA,NA,NA,NA,NA,NA,NA,NA,NA,NA,NA,NA
Karlsruhe,2013,Kar13W,watered,400165,1,6,3001,B73_H,1,15,93.5,8,NA,NA,91,9,NA,NA,80,8.5,NA,NA,NA,NA,NA,NA
Karlsruhe,2013,Kar13W,watered,400165,1,6,3001,B73_H,2,15,84,8.5,NA,NA,94,9.5,NA,NA,80,9,NA,NA,NA,NA,NA,NA
Karlsruhe,2013,Kar13W,watered,400165,1,6,3001,B73_H,3,16,NA,NA,91,9,NA,NA,94.5,9.5,NA,NA,78,9.5,NA,NA,NA,NA
Karlsruhe,2013,Kar13W,watered,400165,1,6,3001,B73_H,4,16,NA,NA,87,8.5,NA,NA,89,9.5,NA,NA,78,9.5,NA,NA,NA,NA
Karlsruhe,2013,Kar13W,watered,400165,1,6,3001,B73_H,5,15,NA,NA,95.5,9,NA,NA,96,10,NA,NA,76,8.5,NA,NA,NA,NA
Karlsruhe,2013,Kar13W,watered,400165,1,6,3001,B73_H,6,16,NA,NA,92,9,NA,NA,89,8.5,NA,NA,74,9.5,NA,NA,NA,NA
Karlsruhe,2013,Kar13W,watered,400165,1,6,3001,B73_H,7,16,NA,NA,85,9,NA,NA,77,10,NA,NA,78,9,NA,NA,NA,NA
Karlsruhe,2013,Kar13W,watered,400165,1,6,3001,B73_H,8,15,NA,NA,94,9.5,NA,NA,90,10,NA,NA,72.5,8.5,NA,NA,NA,NA
Karlsruhe,2013,Kar13W,watered,400165,1,6,3001,B73_H,9,16,NA,NA,90.5,8,NA,NA,94,9,NA,NA,81,8.5,NA,NA,NA,NA
Karlsruhe,2013,Kar13W,watered,400165,1,6,3001,B73_H,10,16,NA,NA,77,9.5,NA,NA,89.5,9.5,NA,NA,79,9,NA,NA,NA,NA
Karlsruhe,2013,Kar13W,watered,400344,2,13,3001,B73_H,8,15,86,8.5,NA,NA,91,9,NA,NA,74,7.5,NA,NA,NA,NA,NA,NA
Karlsruhe,2013,Kar13W,watered,400344,2,13,3001,B73_H,1,16,NA,NA,82,8,NA,NA,94,9,NA,NA,82,8,NA,NA,NA,NA
Karlsruhe,2013,Kar13W,watered,400344,2,13,3001,B73_H,2,16,NA,NA,85,8.5,NA,NA,93,9.5,NA,NA,85,9.5,NA,NA,NA,NA
Karlsruhe,2013,Kar13W,watered,400344,2,13,3001,B73_H,3,15,NA,NA,96,9.5,NA,NA,94,9.5,NA,NA,79,9,NA,NA,NA,NA
Karlsruhe,2013,Kar13W,watered,400344,2,13,3001,B73_H,4,16,NA,NA,81,8.5,NA,NA,100,9,NA,NA,72,8.5,NA,NA,NA,NA
Karlsruhe,2013,Kar13W,watered,400344,2,13,3001,B73_H,5,16,NA,NA,88,9,NA,NA,91,10.5,NA,NA,81,9,NA,NA,NA,NA
Karlsruhe,2013,Kar13W,watered,400344,2,13,3001,B73_H,6,16,NA,NA,85,9.5,NA,NA,91,9.5,NA,NA,73.5,9,NA,NA,NA,NA
Karlsruhe,2013,Kar13W,watered,400344,2,13,3001,B73_H,9,16,NA,NA,89,9.5,NA,NA,96,10,NA,NA,81,8.5,NA,NA,NA,NA
Karlsruhe,2013,Kar13W,watered,400344,2,13,3001,B73_H,10,16,NA,NA,86,7.5,NA,NA,92,8.5,NA,NA,79,8.5,NA,NA,NA,NA
Karlsruhe,2013,Kar13W,watered,400344,2,13,3001,B73_H,7,16,NA,NA,NA,NA,99,9.5,NA,NA,90.5,9.5,NA,NA,71,8.5,NA,NA
Karlsruhe,2013,Kar13W,watered,400473,2,35,3901,B73_H_check,4,NA,78,8,NA,NA,92,9.5,NA,NA,80.5,9,NA,NA,NA,NA,NA,NA
Karlsruhe,2013,Kar13W,watered,400473,2,35,3901,B73_H_check,1,16,NA,NA,80,8.5,NA,NA,91,9.5,NA,NA,82,9.5,NA,NA,NA,NA
Karlsruhe,2013,Kar13W,watered,400473,2,35,3901,B73_H_check,2,16,NA,NA,91,9.5,NA,NA,87,9,NA,NA,78,8,NA,NA,NA,NA
Karlsruhe,2013,Kar13W,watered,400473,2,35,3901,B73_H_check,5,15,NA,NA,92,9,NA,NA,90,9.5,NA,NA,70,9.5,NA,NA,NA,NA
Karlsruhe,2013,Kar13W,watered,400473,2,35,3901,B73_H_check,7,16,NA,NA,80,8.5,NA,NA,90,9,NA,NA,82,8.5,NA,NA,NA,NA
Karlsruhe,2013,Kar13W,watered,400473,2,35,3901,B73_H_check,8,16,NA,NA,82,8.5,NA,NA,90,9.5,NA,NA,75,9.5,NA,NA,NA,NA
Karlsruhe,2013,Kar13W,watered,400473,2,35,3901,B73_H_check,10,16,NA,NA,86,9,NA,NA,91,10.5,NA,NA,81,10,NA,NA,NA,NA
Karlsruhe,2013,Kar13W,watered,400473,2,35,3901,B73_H_check,3,17,NA,NA,NA,NA,83,8.5,NA,NA,89,8.5,NA,NA,75,8,NA,NA
Karlsruhe,2013,Kar13W,watered,400473,2,35,3901,B73_H_check,6,17,NA,NA,NA,NA,91,8.5,NA,NA,91,9,NA,NA,72.5,7.5,NA,NA
Karlsruhe,2013,Kar13W,watered,400473,2,35,3901,B73_H_check,9,16,NA,NA,NA,NA,99,8.5,NA,NA,92,8.5,NA,NA,71,8,NA,NA
Karlsruhe,2013,Kar13R,rainfed,401227,2,1,3901,B73_H_check,2,14,87,9,NA,NA,101,9.5,NA,NA,87,10,NA,NA,NA,NA,NA,NA
Karlsruhe,2013,Kar13R,rainfed,401227,2,1,3901,B73_H_check,5,15,84,8.5,NA,NA,93,9.5,NA,NA,77,9,NA,NA,NA,NA,NA,NA
Karlsruhe,2013,Kar13R,rainfed,401227,2,1,3901,B73_H_check,1,15,NA,NA,92,9,NA,NA,94,9.5,NA,NA,79,9,NA,NA,NA,NA
Karlsruhe,2013,Kar13R,rainfed,401227,2,1,3901,B73_H_check,4,16,NA,NA,81,9,NA,NA,87,8,NA,NA,81,9,NA,NA,NA,NA
Karlsruhe,2013,Kar13R,rainfed,401227,2,1,3901,B73_H_check,6,16,NA,NA,82,8.5,NA,NA,92,9,NA,NA,81,9,NA,NA,NA,NA
Karlsruhe,2013,Kar13R,rainfed,401227,2,1,3901,B73_H_check,7,15,NA,NA,87,9,NA,NA,99,9.5,NA,NA,78,9,NA,NA,NA,NA
Karlsruhe,2013,Kar13R,rainfed,401227,2,1,3901,B73_H_check,8,15,NA,NA,89,9,NA,NA,97.5,10.5,NA,NA,85,9,NA,NA,NA,NA
Karlsruhe,2013,Kar13R,rainfed,401227,2,1,3901,B73_H_check,9,16,NA,NA,82,8.5,NA,NA,95,9,NA,NA,81,9,NA,NA,NA,NA
Karlsruhe,2013,Kar13R,rainfed,401227,2,1,3901,B73_H_check,10,16,NA,NA,90.5,10,NA,NA,94.5,11,NA,NA,83,10,NA,NA,NA,NA
Karlsruhe,2013,Kar13R,rainfed,401227,2,1,3901,B73_H_check,3,16,NA,NA,NA,NA,89,8,NA,NA,97,9.5,NA,NA,82,8.5,NA,NA
Karlsruhe,2013,Kar13R,rainfed,401424,1,9,3001,B73_H,1,15,72,7,NA,NA,91.5,9.5,NA,NA,88,8.5,NA,NA,NA,NA,NA,NA
Karlsruhe,2013,Kar13R,rainfed,401424,1,9,3001,B73_H,2,15,73,8,NA,NA,92,10,NA,NA,82,9.5,NA,NA,NA,NA,NA,NA
Karlsruhe,2013,Kar13R,rainfed,401424,1,9,3001,B73_H,3,15,70,7.5,NA,NA,89,9.5,NA,NA,81,9,NA,NA,NA,NA,NA,NA
Karlsruhe,2013,Kar13R,rainfed,401424,1,9,3001,B73_H,6,14,68,7,NA,NA,89,10,NA,NA,85,9.5,NA,NA,NA,NA,NA,NA
Karlsruhe,2013,Kar13R,rainfed,401424,1,9,3001,B73_H,10,NA,80,7.5,NA,NA,91,10,NA,NA,82,9,NA,NA,NA,NA,NA,NA
Karlsruhe,2013,Kar13R,rainfed,401424,1,9,3001,B73_H,4,16,NA,NA,82,8,NA,NA,96,9.5,NA,NA,89,9.5,NA,NA,NA,NA
Karlsruhe,2013,Kar13R,rainfed,401424,1,9,3001,B73_H,5,15,NA,NA,79,8,NA,NA,90,9.5,NA,NA,78,8,NA,NA,NA,NA
Karlsruhe,2013,Kar13R,rainfed,401424,1,9,3001,B73_H,7,16,NA,NA,79,8,NA,NA,90.5,9.5,NA,NA,87.5,9.5,NA,NA,NA,NA
Karlsruhe,2013,Kar13R,rainfed,401424,1,9,3001,B73_H,8,15,NA,NA,86,9,NA,NA,86,11,NA,NA,77,10,NA,NA,NA,NA
Karlsruhe,2013,Kar13R,rainfed,401424,1,9,3001,B73_H,9,16,NA,NA,81,7.5,NA,NA,86,8,NA,NA,75,8,NA,NA,NA,NA
Karlsruhe,2013,Kar13R,rainfed,401508,1,12,3901,B73_H_check,7,14,NA,NA,82,8.5,NA,NA,85,8.5,NA,NA,NA,NA,NA,NA,NA,NA
Karlsruhe,2013,Kar13R,rainfed,401508,1,12,3901,B73_H_check,1,15,83,7.5,NA,NA,91,9,NA,NA,86,8.5,NA,NA,NA,NA,NA,NA
Karlsruhe,2013,Kar13R,rainfed,401508,1,12,3901,B73_H_check,6,15,73,8,NA,NA,91,10,NA,NA,87,10.5,NA,NA,NA,NA,NA,NA
Karlsruhe,2013,Kar13R,rainfed,401508,1,12,3901,B73_H_check,8,NA,70,7.5,NA,NA,90,10,NA,NA,86,9.5,NA,NA,NA,NA,NA,NA
Karlsruhe,2013,Kar13R,rainfed,401508,1,12,3901,B73_H_check,2,16,NA,NA,81,9.5,NA,NA,93,10,NA,NA,87.5,9.5,NA,NA,NA,NA
Karlsruhe,2013,Kar13R,rainfed,401508,1,12,3901,B73_H_check,3,15,NA,NA,84,8,NA,NA,92,9.5,NA,NA,82,9,NA,NA,NA,NA
Karlsruhe,2013,Kar13R,rainfed,401508,1,12,3901,B73_H_check,4,16,NA,NA,80,8.5,NA,NA,91.5,10.5,NA,NA,85,10.5,NA,NA,NA,NA
Karlsruhe,2013,Kar13R,rainfed,401508,1,12,3901,B73_H_check,5,16,NA,NA,86,8,NA,NA,91,10,NA,NA,82,9,NA,NA,NA,NA
Karlsruhe,2013,Kar13R,rainfed,401508,1,12,3901,B73_H_check,9,16,NA,NA,81,8,NA,NA,88,9.5,NA,NA,84,9,NA,NA,NA,NA
Karlsruhe,2013,Kar13R,rainfed,401508,1,12,3901,B73_H_check,10,15,NA,NA,83,8,NA,NA,93,10.5,NA,NA,81,10,NA,NA,NA,NA
Karlsruhe,2013,Kar13R,rainfed,401698,3,19,3901,B73_H_check,1,15,79,8,NA,NA,91,9.5,NA,NA,82,9.5,NA,NA,NA,NA,NA,NA
Karlsruhe,2013,Kar13R,rainfed,401698,3,19,3901,B73_H_check,2,15,78,9,NA,NA,92,10.5,NA,NA,86,10.5,NA,NA,NA,NA,NA,NA
Karlsruhe,2013,Kar13R,rainfed,401698,3,19,3901,B73_H_check,3,16,82,9.5,NA,NA,96,9,NA,NA,91,10,NA,NA,NA,NA,NA,NA
Karlsruhe,2013,Kar13R,rainfed,401698,3,19,3901,B73_H_check,8,15,83,8.5,NA,NA,94,9.5,NA,NA,85,9,NA,NA,NA,NA,NA,NA
Karlsruhe,2013,Kar13R,rainfed,401698,3,19,3901,B73_H_check,9,16,79,8,NA,NA,96,9,NA,NA,91,9,NA,NA,NA,NA,NA,NA
Karlsruhe,2013,Kar13R,rainfed,401698,3,19,3901,B73_H_check,10,15,80,9,NA,NA,92.5,10,NA,NA,85,10,NA,NA,NA,NA,NA,NA
Karlsruhe,2013,Kar13R,rainfed,401698,3,19,3901,B73_H_check,4,15,NA,NA,91,10,NA,NA,96,9,NA,NA,81,9.5,NA,NA,NA,NA
Karlsruhe,2013,Kar13R,rainfed,401698,3,19,3901,B73_H_check,5,16,NA,NA,90,9,NA,NA,94,9,NA,NA,90,8.5,NA,NA,NA,NA
Karlsruhe,2013,Kar13R,rainfed,401698,3,19,3901,B73_H_check,7,16,NA,NA,89,9.5,NA,NA,111,10,NA,NA,79,9.5,NA,NA,NA,NA
Karlsruhe,2013,Kar13R,rainfed,401698,3,19,3901,B73_H_check,6,17,NA,NA,NA,NA,93,9,NA,NA,92,10,NA,NA,80,9.5,NA,NA
Karlsruhe,2013,Kar13R,rainfed,401718,2,19,3001,B73_H,4,15,NA,NA,86,9,NA,NA,88,9.5,NA,NA,NA,NA,NA,NA,NA,NA
Karlsruhe,2013,Kar13R,rainfed,401718,2,19,3001,B73_H,2,15,79,9,NA,NA,95,9.5,NA,NA,90.5,10.5,NA,NA,NA,NA,NA,NA
Karlsruhe,2013,Kar13R,rainfed,401718,2,19,3001,B73_H,6,16,84,8.5,NA,NA,97.5,9,NA,NA,83,8.5,NA,NA,NA,NA,NA,NA
Karlsruhe,2013,Kar13R,rainfed,401718,2,19,3001,B73_H,1,16,NA,NA,91,9.5,NA,NA,90,10.5,NA,NA,79,9.5,NA,NA,NA,NA
Karlsruhe,2013,Kar13R,rainfed,401718,2,19,3001,B73_H,5,15,NA,NA,98.5,10,NA,NA,97,10,NA,NA,82,10,NA,NA,NA,NA
Karlsruhe,2013,Kar13R,rainfed,401718,2,19,3001,B73_H,7,16,NA,NA,90,9,NA,NA,96,10,NA,NA,81.5,9,NA,NA,NA,NA
Karlsruhe,2013,Kar13R,rainfed,401718,2,19,3001,B73_H,8,16,NA,NA,87,9,NA,NA,97,9.5,NA,NA,82,8.5,NA,NA,NA,NA
Karlsruhe,2013,Kar13R,rainfed,401718,2,19,3001,B73_H,9,16,NA,NA,89,9.5,NA,NA,94,9,NA,NA,78,9,NA,NA,NA,NA
Karlsruhe,2013,Kar13R,rainfed,401718,2,19,3001,B73_H,10,16,NA,NA,92,8.5,NA,NA,92,9.5,NA,NA,79,9,NA,NA,NA,NA
Karlsruhe,2013,Kar13R,rainfed,401718,2,19,3001,B73_H,3,NA,NA,NA,NA,NA,NA,NA,NA,NA,NA,NA,NA,NA,NA,NA,NA,NA
Karlsruhe,2013,Kar13R,rainfed,401786,3,22,3001,B73_H,3,15,82,10,NA,NA,95,10.5,NA,NA,87,9.5,NA,NA,NA,NA,NA,NA
Karlsruhe,2013,Kar13R,rainfed,401786,3,22,3001,B73_H,8,15,81,10,NA,NA,90,9.5,NA,NA,74,10,NA,NA,NA,NA,NA,NA
Karlsruhe,2013,Kar13R,rainfed,401786,3,22,3001,B73_H,10,16,84,9,NA,NA,92,9.5,NA,NA,86,10,NA,NA,NA,NA,NA,NA
Karlsruhe,2013,Kar13R,rainfed,401786,3,22,3001,B73_H,1,16,NA,NA,90,9.5,NA,NA,90,10,NA,NA,77,9,NA,NA,NA,NA
Karlsruhe,2013,Kar13R,rainfed,401786,3,22,3001,B73_H,4,16,NA,NA,86,9.5,NA,NA,95,10,NA,NA,77,8.5,NA,NA,NA,NA
Karlsruhe,2013,Kar13R,rainfed,401786,3,22,3001,B73_H,5,16,NA,NA,90,8.5,NA,NA,101,9,NA,NA,90,9,NA,NA,NA,NA
Karlsruhe,2013,Kar13R,rainfed,401786,3,22,3001,B73_H,6,16,NA,NA,90,9,NA,NA,96,9,NA,NA,77,8.5,NA,NA,NA,NA
Karlsruhe,2013,Kar13R,rainfed,401786,3,22,3001,B73_H,7,16,NA,NA,92,9.5,NA,NA,101,9.5,NA,NA,77,9,NA,NA,NA,NA
Karlsruhe,2013,Kar13R,rainfed,401786,3,22,3001,B73_H,9,16,NA,NA,89,10,NA,NA,92.5,10,NA,NA,81,9,NA,NA,NA,NA
Karlsruhe,2013,Kar13R,rainfed,401786,3,22,3001,B73_H,2,19,NA,NA,NA,NA,NA,NA,99,9,NA,NA,96.5,8,NA,NA,NA,NA
Debrecen,2013,Deb13R,rainfed,WD1162,1,56,3901,B73_H_check,3,17,NA,NA,NA,NA,81,8.2,NA,NA,88,9.2,NA,NA,83,8.8,NA,NA
Debrecen,2013,Deb13R,rainfed,WD1162,1,56,3901,B73_H_check,4,18,NA,NA,NA,NA,68,7,NA,NA,75,8.6,NA,NA,70,7.4,NA,NA
Debrecen,2013,Deb13R,rainfed,WD1162,1,56,3901,B73_H_check,5,17,NA,NA,NA,NA,60,7.4,NA,NA,74,8,NA,NA,73,7.7,NA,NA
Debrecen,2013,Deb13R,rainfed,WD1162,1,56,3901,B73_H_check,6,17,NA,NA,NA,NA,78,7.5,NA,NA,86,8.3,NA,NA,81,8.2,NA,NA
Debrecen,2013,Deb13R,rainfed,WD1162,1,56,3901,B73_H_check,7,17,NA,NA,NA,NA,74,7.5,NA,NA,83,8.3,NA,NA,78,7.8,NA,NA
Debrecen,2013,Deb13R,rainfed,WD1162,1,56,3901,B73_H_check,8,17,NA,NA,NA,NA,82,8,NA,NA,83,9.8,NA,NA,80,9,NA,NA
Debrecen,2013,Deb13R,rainfed,WD1162,1,56,3901,B73_H_check,9,18,NA,NA,NA,NA,63,6.9,NA,NA,76,8.1,NA,NA,71,7.9,NA,NA
Debrecen,2013,Deb13R,rainfed,WD1162,1,56,3901,B73_H_check,10,17,NA,NA,NA,NA,66,7.1,NA,NA,75,7.8,NA,NA,71,7.6,NA,NA
Debrecen,2013,Deb13R,rainfed,WD2180,2,145,3901,B73_H_check,1,17,NA,NA,NA,NA,77,7.2,NA,NA,84,9,NA,NA,80,8.2,NA,NA
Debrecen,2013,Deb13R,rainfed,WD2180,2,145,3901,B73_H_check,2,17,NA,NA,NA,NA,79,6.7,NA,NA,82,7.4,NA,NA,75,7.6,NA,NA
Debrecen,2013,Deb13R,rainfed,WD2180,2,145,3901,B73_H_check,3,17,NA,NA,NA,NA,85,8,NA,NA,90,8.4,NA,NA,77,7.5,NA,NA
Debrecen,2013,Deb13R,rainfed,WD2180,2,145,3901,B73_H_check,4,17,NA,NA,NA,NA,72,7.2,NA,NA,78,7.9,NA,NA,65,6.9,NA,NA
Debrecen,2013,Deb13R,rainfed,WD2180,2,145,3901,B73_H_check,5,17,NA,NA,NA,NA,77,7.5,NA,NA,85,8,NA,NA,78,7.4,NA,NA
Debrecen,2013,Deb13R,rainfed,WD2180,2,145,3901,B73_H_check,6,17,NA,NA,NA,NA,86,7.3,NA,NA,91,7.5,NA,NA,80,7,NA,NA
Debrecen,2013,Deb13R,rainfed,WD2180,2,145,3901,B73_H_check,7,17,NA,NA,NA,NA,82,7,NA,NA,85,7,NA,NA,79,7,NA,NA
Debrecen,2013,Deb13R,rainfed,WD2180,2,145,3901,B73_H_check,8,18,NA,NA,NA,NA,80,7.6,NA,NA,85,7.4,NA,NA,73,7.4,NA,NA
Debrecen,2013,Deb13R,rainfed,WD2180,2,145,3901,B73_H_check,9,17,NA,NA,NA,NA,62,6.5,NA,NA,79,7,NA,NA,74,7.5,NA,NA
Debrecen,2013,Deb13R,rainfed,WD2180,2,145,3901,B73_H_check,10,17,NA,NA,NA,NA,66,7.4,NA,NA,76,8,NA,NA,70,7.7,NA,NA
Debrecen,2013,Deb13R,rainfed,WD3060,3,186,3901,B73_H_check,1,17,NA,NA,NA,NA,71,7.7,NA,NA,78,8.2,NA,NA,75,7.5,NA,NA
Debrecen,2013,Deb13R,rainfed,WD3060,3,186,3901,B73_H_check,2,17,NA,NA,NA,NA,64,8,NA,NA,72,7.6,NA,NA,67,6.8,NA,NA
Debrecen,2013,Deb13R,rainfed,WD3060,3,186,3901,B73_H_check,3,17,NA,NA,NA,NA,78,7.8,NA,NA,83,8,NA,NA,77,8.1,NA,NA
Debrecen,2013,Deb13R,rainfed,WD3060,3,186,3901,B73_H_check,4,18,NA,NA,NA,NA,73,7.5,NA,NA,86,7.6,NA,NA,85,8,NA,NA
Debrecen,2013,Deb13R,rainfed,WD3060,3,186,3901,B73_H_check,5,17,NA,NA,NA,NA,74,8,NA,NA,82,8.6,NA,NA,79,7.8,NA,NA
Debrecen,2013,Deb13R,rainfed,WD3060,3,186,3901,B73_H_check,6,17,NA,NA,NA,NA,65,7.6,NA,NA,76,7.8,NA,NA,73,7.9,NA,NA
Debrecen,2013,Deb13R,rainfed,WD3060,3,186,3901,B73_H_check,7,17,NA,NA,NA,NA,72,7.6,NA,NA,77,7.8,NA,NA,74,8,NA,NA
Debrecen,2013,Deb13R,rainfed,WD3060,3,186,3901,B73_H_check,8,17,NA,NA,NA,NA,70,7.7,NA,NA,77,7.6,NA,NA,79,8,NA,NA
Debrecen,2013,Deb13R,rainfed,WD3060,3,186,3901,B73_H_check,9,17,NA,NA,NA,NA,66,7.6,NA,NA,77,8.4,NA,NA,77,7.5,NA,NA
Debrecen,2013,Deb13R,rainfed,WD3060,3,186,3901,B73_H_check,10,17,NA,NA,NA,NA,81,7.3,NA,NA,84,8.2,NA,NA,77,8,NA,NA
Debrecen,2013,Deb13R,rainfed,WD1162,1,56,3901,B73_H_check,1,18,NA,NA,NA,NA,NA,NA,82,8.1,NA,NA,83,9,NA,NA,77,8.2
Debrecen,2013,Deb13R,rainfed,WD1162,1,56,3901,B73_H_check,2,18,NA,NA,NA,NA,NA,NA,81,7.6,NA,NA,90,7.1,NA,NA,83,6.5
Campagnola,2013,Cam13R,rainfed,FRI00408317,1,4,3901,B73_H_check,1,19,NA,NA,NA,NA,69,7,NA,NA,72,7,NA,NA,85,8,NA,NA
Campagnola,2013,Cam13R,rainfed,FRI00408317,1,4,3901,B73_H_check,2,15,64,6,NA,NA,78,7.5,NA,NA,89,8,NA,NA,NA,NA,NA,NA
Campagnola,2013,Cam13R,rainfed,FRI00408317,1,4,3901,B73_H_check,3,16,52,6.5,NA,NA,77,8,NA,NA,81,9,NA,NA,NA,NA,NA,NA
Campagnola,2013,Cam13R,rainfed,FRI00408317,1,4,3901,B73_H_check,4,16,54,7,NA,NA,76,8,NA,NA,80,8.5,NA,NA,NA,NA,NA,NA
Campagnola,2013,Cam13R,rainfed,FRI00408317,1,4,3901,B73_H_check,5,16,59,7.5,NA,NA,72,9,NA,NA,80,8,NA,NA,NA,NA,NA,NA
Campagnola,2013,Cam13R,rainfed,FRI00408317,1,4,3901,B73_H_check,6,16,56,5,NA,NA,76,7.5,NA,NA,79,8,NA,NA,NA,NA,NA,NA
Campagnola,2013,Cam13R,rainfed,FRI00408317,1,4,3901,B73_H_check,7,16,70,6.5,NA,NA,81,7,NA,NA,84,7.5,NA,NA,NA,NA,NA,NA
Campagnola,2013,Cam13R,rainfed,FRI00408317,1,4,3901,B73_H_check,8,16,53,6,NA,NA,79,7.5,NA,NA,82,8,NA,NA,NA,NA,NA,NA
Campagnola,2013,Cam13R,rainfed,FRI00408317,1,4,3901,B73_H_check,9,16,56,6,NA,NA,80,7,NA,NA,84,8,NA,NA,NA,NA,NA,NA
Campagnola,2013,Cam13R,rainfed,FRI00408317,1,4,3901,B73_H_check,10,16,58,6,NA,NA,79,7,NA,NA,85,8,NA,NA,NA,NA,NA,NA
Campagnola,2013,Cam13R,rainfed,FRI00408317,1,4,3901,B73_H_check,11,16,NA,NA,NA,NA,NA,NA,NA,NA,NA,NA,NA,NA,NA,NA,NA,NA
Campagnola,2013,Cam13R,rainfed,FRI00407971,2,148,3901,B73_H_check,1,19,64,8,NA,NA,80,8,NA,NA,84,8,NA,NA,NA,NA,NA,NA
Campagnola,2013,Cam13R,rainfed,FRI00407971,2,148,3901,B73_H_check,2,16,59,6,NA,NA,72,7,NA,NA,85,7,NA,NA,NA,NA,NA,NA
Campagnola,2013,Cam13R,rainfed,FRI00407971,2,148,3901,B73_H_check,3,15,57,7,NA,NA,70,7,NA,NA,77,7.5,NA,NA,NA,NA,NA,NA
Campagnola,2013,Cam13R,rainfed,FRI00407971,2,148,3901,B73_H_check,4,16,79,7,NA,NA,85,7,NA,NA,79,7,NA,NA,NA,NA,NA,NA
Campagnola,2013,Cam13R,rainfed,FRI00407971,2,148,3901,B73_H_check,5,15,77,7.5,NA,NA,80,7,NA,NA,83,7.5,NA,NA,NA,NA,NA,NA
Campagnola,2013,Cam13R,rainfed,FRI00407971,2,148,3901,B73_H_check,6,15,64,7,NA,NA,76,8,NA,NA,78,7.5,NA,NA,NA,NA,NA,NA
Campagnola,2013,Cam13R,rainfed,FRI00407971,2,148,3901,B73_H_check,7,15,65,6.5,NA,NA,76,7.5,NA,NA,78,8,NA,NA,NA,NA,NA,NA
Campagnola,2013,Cam13R,rainfed,FRI00407971,2,148,3901,B73_H_check,8,15,66,7,NA,NA,82,7,NA,NA,74,6,NA,NA,NA,NA,NA,NA
Campagnola,2013,Cam13R,rainfed,FRI00407971,2,148,3901,B73_H_check,9,16,59,5.5,NA,NA,77,7,NA,NA,70,7.5,NA,NA,NA,NA,NA,NA
Campagnola,2013,Cam13R,rainfed,FRI00407971,2,148,3901,B73_H_check,10,15,55,6,NA,NA,73,8,NA,NA,84,7,NA,NA,NA,NA,NA,NA
Campagnola,2013,Cam13R,rainfed,FRI00407971,2,148,3901,B73_H_check,11,15,NA,NA,NA,NA,NA,NA,NA,NA,NA,NA,NA,NA,NA,NA,NA,NA
Campagnola,2013,Cam13R,rainfed,FRI00407643,3,48,3901,B73_H_check,1,16,67,7,NA,NA,79,8,NA,NA,87,9,NA,NA,NA,NA,NA,NA
Campagnola,2013,Cam13R,rainfed,FRI00407643,3,48,3901,B73_H_check,2,16,70,7,NA,NA,77,9,NA,NA,82,9,NA,NA,NA,NA,NA,NA
Campagnola,2013,Cam13R,rainfed,FRI00407643,3,48,3901,B73_H_check,3,15,69,7,NA,NA,75,8.5,NA,NA,84,8,NA,NA,NA,NA,NA,NA
Campagnola,2013,Cam13R,rainfed,FRI00407643,3,48,3901,B73_H_check,4,14,68,6.5,NA,NA,77,8,NA,NA,85,9,NA,NA,NA,NA,NA,NA
Campagnola,2013,Cam13R,rainfed,FRI00407643,3,48,3901,B73_H_check,5,16,78,8,NA,NA,84,8.5,NA,NA,83,9,NA,NA,NA,NA,NA,NA
Campagnola,2013,Cam13R,rainfed,FRI00407643,3,48,3901,B73_H_check,6,16,62,7,NA,NA,83,8,NA,NA,87,8.5,NA,NA,NA,NA,NA,NA
Campagnola,2013,Cam13R,rainfed,FRI00407643,3,48,3901,B73_H_check,7,16,62,6.5,NA,NA,79,8.5,NA,NA,88,8,NA,NA,NA,NA,NA,NA
Campagnola,2013,Cam13R,rainfed,FRI00407643,3,48,3901,B73_H_check,8,16,64,7,NA,NA,76,7.5,NA,NA,84,8,NA,NA,NA,NA,NA,NA
Campagnola,2013,Cam13R,rainfed,FRI00407643,3,48,3901,B73_H_check,9,16,68,8,NA,NA,75,7.5,NA,NA,84,9,NA,NA,NA,NA,NA,NA
Campagnola,2013,Cam13R,rainfed,FRI00407643,3,48,3901,B73_H_check,10,16,65,7,NA,NA,76,7,NA,NA,85,9,NA,NA,NA,NA,NA,NA
Campagnola,2013,Cam13R,rainfed,FRI00407643,3,48,3901,B73_H_check,11,16,NA,NA,NA,NA,NA,NA,NA,NA,NA,NA,NA,NA,NA,NA,NA,NA
Campagnola,2013,Cam13W,watered,FRI00406835,1,250,3901,B73_H_check,1,20,NA,NA,NA,NA,66,8.5,NA,NA,67,7,NA,NA,76,7.5,NA,NA
Campagnola,2013,Cam13W,watered,FRI00406835,1,250,3901,B73_H_check,2,18,60,6,NA,NA,75,7,NA,NA,81,8.5,NA,NA,NA,NA,NA,NA
Campagnola,2013,Cam13W,watered,FRI00406835,1,250,3901,B73_H_check,3,16,70,7,NA,NA,79,9,NA,NA,80,10,NA,NA,NA,NA,NA,NA
Campagnola,2013,Cam13W,watered,FRI00406835,1,250,3901,B73_H_check,4,15,67,6.5,NA,NA,83,9,NA,NA,82,7.5,NA,NA,NA,NA,NA,NA
Campagnola,2013,Cam13W,watered,FRI00406835,1,250,3901,B73_H_check,5,16,78,7.5,NA,NA,79,7,NA,NA,86,9,NA,NA,NA,NA,NA,NA
Campagnola,2013,Cam13W,watered,FRI00406835,1,250,3901,B73_H_check,6,15,70,7.5,NA,NA,71,8.5,NA,NA,81,9,NA,NA,NA,NA,NA,NA
Campagnola,2013,Cam13W,watered,FRI00406835,1,250,3901,B73_H_check,7,15,67,7.5,NA,NA,82,8,NA,NA,78,8,NA,NA,NA,NA,NA,NA
Campagnola,2013,Cam13W,watered,FRI00406835,1,250,3901,B73_H_check,8,16,71,9.5,NA,NA,82,8,NA,NA,78,9.5,NA,NA,NA,NA,NA,NA
Campagnola,2013,Cam13W,watered,FRI00406835,1,250,3901,B73_H_check,9,16,69,7.5,NA,NA,80,8,NA,NA,83,9,NA,NA,NA,NA,NA,NA
Campagnola,2013,Cam13W,watered,FRI00406835,1,250,3901,B73_H_check,10,16,73,8,NA,NA,75,8,NA,NA,79,9,NA,NA,NA,NA,NA,NA
Campagnola,2013,Cam13W,watered,FRI00406835,1,250,3901,B73_H_check,11,16,NA,NA,NA,NA,NA,NA,NA,NA,NA,NA,NA,NA,NA,NA,NA,NA
Campagnola,2013,Cam13W,watered,FRI00406594,2,183,3901,B73_H_check,1,16,70,6.5,NA,NA,81,10,NA,NA,87,10,NA,NA,NA,NA,NA,NA
Campagnola,2013,Cam13W,watered,FRI00406594,2,183,3901,B73_H_check,2,15,76,6.5,NA,NA,95,7.5,NA,NA,90,10,NA,NA,NA,NA,NA,NA
Campagnola,2013,Cam13W,watered,FRI00406594,2,183,3901,B73_H_check,3,16,71,6,NA,NA,79,8.5,NA,NA,82,8.5,NA,NA,NA,NA,NA,NA
Campagnola,2013,Cam13W,watered,FRI00406594,2,183,3901,B73_H_check,4,17,NA,NA,74,7.5,NA,NA,82,9.5,NA,NA,86,10,NA,NA,NA,NA
Campagnola,2013,Cam13W,watered,FRI00406594,2,183,3901,B73_H_check,5,16,71,7,NA,NA,82,9,NA,NA,81,9,NA,NA,NA,NA,NA,NA
Campagnola,2013,Cam13W,watered,FRI00406594,2,183,3901,B73_H_check,6,16,82,7,NA,NA,92,7,NA,NA,92,8,NA,NA,NA,NA,NA,NA
Campagnola,2013,Cam13W,watered,FRI00406594,2,183,3901,B73_H_check,7,15,78,7,NA,NA,91,7.5,NA,NA,83,9,NA,NA,NA,NA,NA,NA
Campagnola,2013,Cam13W,watered,FRI00406594,2,183,3901,B73_H_check,8,16,72,8.5,NA,NA,80,8,NA,NA,86,9.5,NA,NA,NA,NA,NA,NA
Campagnola,2013,Cam13W,watered,FRI00406594,2,183,3901,B73_H_check,9,15,77,7,NA,NA,83,8,NA,NA,86,9,NA,NA,NA,NA,NA,NA
Campagnola,2013,Cam13W,watered,FRI00406594,2,183,3901,B73_H_check,10,16,77,7,NA,NA,81,8.5,NA,NA,84,9,NA,NA,NA,NA,NA,NA
Campagnola,2013,Cam13W,watered,FRI00406594,2,183,3901,B73_H_check,11,15,NA,NA,NA,NA,NA,NA,NA,NA,NA,NA,NA,NA,NA,NA,NA,NA
Graneros,2013,Gra13W,watered,YCXGDTM1071038,1,3,3001,B73_H,8,16,103,7,113,8,103,8,107,8,96,8,NA,NA,NA,NA,NA,NA
Graneros,2013,Gra13R,rainfed,YCXGDTM1045020,3,10,3001,B73_H,8,17,80,7,95,8,101,8,96,8,92,8,NA,NA,NA,NA,NA,NA
Graneros,2013,Gra13W,watered,YCXGDTM1071038,1,3,3001,B73_H,1,16,NA,NA,91,9,101,10,100,10,97,9,90,9,NA,NA,NA,NA
Graneros,2013,Gra13W,watered,YCXGDTM1071038,1,3,3001,B73_H,5,17,NA,NA,102,9,109,10,112,9,163,9,100,9,NA,NA,NA,NA
Graneros,2013,Gra13W,watered,YCXGDTM1071038,1,3,3001,B73_H,6,17,NA,NA,97,9,104,10,111,10,105,10,102,10,NA,NA,NA,NA
Graneros,2013,Gra13W,watered,YCXGDTM1071038,1,3,3001,B73_H,7,17,NA,NA,96,9,104,10,111,10,105,10,101,10,NA,NA,NA,NA
Graneros,2013,Gra13W,watered,YCXGDTM1091051,2,23,3001,B73_H,1,17,NA,NA,96,9,102,9,102,10,104,10,98,9,NA,NA,NA,NA
Graneros,2013,Gra13W,watered,YCXGDTM1091051,2,23,3001,B73_H,2,16,NA,NA,103,9,110,9,107,10,100,9,88,8,NA,NA,NA,NA
Graneros,2013,Gra13W,watered,YCXGDTM1091051,2,23,3001,B73_H,3,16,NA,NA,93,9,97,10,101,11,98,10,95,9,NA,NA,NA,NA
Graneros,2013,Gra13W,watered,YCXGDTM1091051,2,23,3001,B73_H,4,17,NA,NA,95,9,105,9,107,10,102,10,82,9,NA,NA,NA,NA
Graneros,2013,Gra13W,watered,YCXGDTM1091051,2,23,3001,B73_H,5,16,NA,NA,75,6,87,7,103,8,99,7,94,7,NA,NA,NA,NA
Graneros,2013,Gra13W,watered,YCXGDTM1091051,2,23,3001,B73_H,6,16,NA,NA,100,9,108,9,109,9,104,8,93,8,NA,NA,NA,NA
Graneros,2013,Gra13W,watered,YCXGDTM1091051,2,23,3001,B73_H,8,17,NA,NA,95,9,102,10,107,11,105,10,95,9,NA,NA,NA,NA
Graneros,2013,Gra13W,watered,YCXGDTM1091051,2,23,3001,B73_H,9,17,NA,NA,97,9,103,10,107,11,81,9,95,10,NA,NA,NA,NA
Graneros,2013,Gra13W,watered,YCXGDTM1091051,2,23,3001,B73_H,10,16,NA,NA,99,9,108,10,103,10,101,9,94,9,NA,NA,NA,NA
Graneros,2013,Gra13R,rainfed,YCXGDTM1045020,3,10,3001,B73_H,1,18,NA,NA,84,7,89,8,93,9,86,8,81,8,NA,NA,NA,NA
Graneros,2013,Gra13R,rainfed,YCXGDTM1045020,3,10,3001,B73_H,3,17,NA,NA,82,8,90,8,93,9,93,9,85,9,NA,NA,NA,NA
Graneros,2013,Gra13R,rainfed,YCXGDTM1045020,3,10,3001,B73_H,4,18,NA,NA,93,8,96,8,94,7,97,8,73,7,NA,NA,NA,NA
Graneros,2013,Gra13R,rainfed,YCXGDTM1045020,3,10,3001,B73_H,6,17,NA,NA,90,8,96,8,92,8,98,8,86,8,NA,NA,NA,NA
Graneros,2013,Gra13R,rainfed,YCXGDTM1045020,3,10,3001,B73_H,9,17,NA,NA,94,9,100,9,96,9,93,8,90,8,NA,NA,NA,NA
Graneros,2013,Gra13R,rainfed,YCXGDTM1086028,4,51,3001,B73_H,1,17,NA,NA,76,7,82,8,79,8,79,8,74,8,NA,NA,NA,NA
Graneros,2013,Gra13R,rainfed,YCXGDTM1086028,4,51,3001,B73_H,2,17,NA,NA,80,7,82,8,88,8,78,8,73,7,NA,NA,NA,NA
Graneros,2013,Gra13R,rainfed,YCXGDTM1086028,4,51,3001,B73_H,3,16,NA,NA,73,7,81,8,79,8,79,7,71,7,NA,NA,NA,NA
Graneros,2013,Gra13R,rainfed,YCXGDTM1086028,4,51,3001,B73_H,4,16,NA,NA,83,8,85,8,82,8,75,8,66,8,NA,NA,NA,NA
Graneros,2013,Gra13R,rainfed,YCXGDTM1086028,4,51,3001,B73_H,5,16,NA,NA,80,7,79,8,77,7,70,7,61,7,NA,NA,NA,NA
Graneros,2013,Gra13R,rainfed,YCXGDTM1086028,4,51,3001,B73_H,6,17,NA,NA,80,7,82,7,83,8,81,7,70,7,NA,NA,NA,NA
Graneros,2013,Gra13R,rainfed,YCXGDTM1086028,4,51,3001,B73_H,7,17,NA,NA,76,7,97,10,76,8,73,7,62,7,NA,NA,NA,NA
Graneros,2013,Gra13R,rainfed,YCXGDTM1086028,4,51,3001,B73_H,8,17,NA,NA,89,7,83,7,97,7,82,7,76,7,NA,NA,NA,NA
Graneros,2013,Gra13R,rainfed,YCXGDTM1086028,4,51,3001,B73_H,9,17,NA,NA,78,8,82,7,78,8,74,7,67,7,NA,NA,NA,NA
Graneros,2013,Gra13R,rainfed,YCXGDTM1086028,4,51,3001,B73_H,10,17,NA,NA,75,7,85,8,85,8,81,8,74,7,NA,NA,NA,NA
Graneros,2013,Gra13R,rainfed,YCXGDTM1102027,5,45,3001,B73_H,1,17,NA,NA,75,7,80,8,76,7,74,8,68,7,NA,NA,NA,NA
Graneros,2013,Gra13R,rainfed,YCXGDTM1102027,5,45,3001,B73_H,2,16,NA,NA,72,7,74,8,74,7,67,7,62,8,NA,NA,NA,NA
Graneros,2013,Gra13R,rainfed,YCXGDTM1102027,5,45,3001,B73_H,3,17,NA,NA,73,7,75,7,74,7,69,7,60,7,NA,NA,NA,NA
Graneros,2013,Gra13R,rainfed,YCXGDTM1102027,5,45,3001,B73_H,4,17,NA,NA,72,6,69,7,70,7,65,8,58,7,NA,NA,NA,NA
Graneros,2013,Gra13R,rainfed,YCXGDTM1102027,5,45,3001,B73_H,5,17,NA,NA,76,7,81,8,79,8,70,8,58,8,NA,NA,NA,NA
Graneros,2013,Gra13R,rainfed,YCXGDTM1102027,5,45,3001,B73_H,8,16,NA,NA,87,8,82,8,83,8,74,8,64,8,NA,NA,NA,NA
Graneros,2013,Gra13R,rainfed,YCXGDTM1102027,5,45,3001,B73_H,9,17,NA,NA,83,8,89,9,86,9,84,8,72,9,NA,NA,NA,NA
Graneros,2013,Gra13R,rainfed,YCXGDTM1102027,5,45,3001,B73_H,10,17,NA,NA,82,7,84,8,82,8,75,8,71,7,NA,NA,NA,NA
Graneros,2013,Gra13W,watered,YCXGDTM1071038,1,3,3001,B73_H,2,17,NA,NA,NA,NA,103,9,106,9,100,8,93,8,83,7,NA,NA
Graneros,2013,Gra13W,watered,YCXGDTM1071038,1,3,3001,B73_H,3,17,NA,NA,NA,NA,98,10,102,10,103,10,97,9,90,8,NA,NA
Graneros,2013,Gra13W,watered,YCXGDTM1071038,1,3,3001,B73_H,4,17,NA,NA,NA,NA,99,9,101,10,105,10,96,9,92,9,NA,NA
Graneros,2013,Gra13W,watered,YCXGDTM1071038,1,3,3001,B73_H,9,16,NA,NA,NA,NA,90,8,99,9,100,10,102,10,93,10,NA,NA
Graneros,2013,Gra13W,watered,YCXGDTM1071038,1,3,3001,B73_H,10,16,NA,NA,NA,NA,102,9,107,10,107,9,103,9,92,9,NA,NA
Graneros,2013,Gra13W,watered,YCXGDTM1091051,2,23,3001,B73_H,7,16,NA,NA,NA,NA,100,9,108,10,112,10,103,9,96,9,NA,NA
Graneros,2013,Gra13R,rainfed,YCXGDTM1045020,3,10,3001,B73_H,2,18,NA,NA,NA,NA,62,9,96,8,94,8,97,8,79,8,NA,NA
Graneros,2013,Gra13R,rainfed,YCXGDTM1045020,3,10,3001,B73_H,5,17,NA,NA,NA,NA,90,9,92,9,90,9,84,8,72,8,NA,NA
Graneros,2013,Gra13R,rainfed,YCXGDTM1045020,3,10,3001,B73_H,7,16,NA,NA,NA,NA,86,8,91,10,9,7,94,8,85,9,NA,NA
Graneros,2013,Gra13R,rainfed,YCXGDTM1045020,3,10,3001,B73_H,10,17,NA,NA,NA,NA,96,9,100,9,97,8,97,9,97,8,NA,NA
Graneros,2013,Gra13R,rainfed,YCXGDTM1102027,5,45,3001,B73_H,6,17,NA,NA,NA,NA,86,8,88,8,86,8,80,8,72,8,NA,NA
Graneros,2013,Gra13R,rainfed,YCXGDTM1102027,5,45,3001,B73_H,7,17,NA,NA,NA,NA,81,8,86,8,82,8,82,8,72,8,NA,NA
Martonvasar,2013,Mar13W,watered,3,1,1,3001,B73_H,1,18,NA,NA,78,7.5,NA,NA,92,8.5,NA,NA,81,8,NA,NA,NA,NA
Martonvasar,2013,Mar13W,watered,3,1,1,3001,B73_H,4,17,NA,NA,70,8.4,NA,NA,76,8.5,NA,NA,86,7.5,NA,NA,NA,NA
Martonvasar,2013,Mar13W,watered,3,1,1,3001,B73_H,5,17,NA,NA,71,7,NA,NA,87,9.5,NA,NA,83,9.5,NA,NA,NA,NA
Martonvasar,2013,Mar13W,watered,3,1,1,3001,B73_H,6,16,NA,NA,74,8,NA,NA,84,10.5,NA,NA,82,10.5,NA,NA,NA,NA
Martonvasar,2013,Mar13W,watered,3,1,1,3001,B73_H,8,17,NA,NA,74,8,NA,NA,83,10,NA,NA,81,10.2,NA,NA,NA,NA
Martonvasar,2013,Mar13W,watered,3,1,1,3001,B73_H,2,17,NA,NA,NA,NA,62,8,NA,NA,74,10,NA,NA,79,9,NA,NA
Martonvasar,2013,Mar13W,watered,3,1,1,3001,B73_H,7,17,NA,NA,NA,NA,73,7.5,NA,NA,88,9.5,NA,NA,85,10,NA,NA
Martonvasar,2013,Mar13W,watered,3,1,1,3001,B73_H,9,17,NA,NA,NA,NA,70,7.5,NA,NA,87,8,NA,NA,78,8.5,NA,NA
Martonvasar,2013,Mar13W,watered,3,1,1,3001,B73_H,10,16,NA,NA,NA,NA,69,6.5,NA,NA,80,7.5,NA,NA,75,7.5,NA,NA
Martonvasar,2013,Mar13W,watered,3,1,1,3001,B73_H,3,17,NA,NA,NA,NA,NA,NA,85,9,NA,NA,91,9,NA,NA,76,8.5
Martonvasar,2013,Mar13W,watered,397,2,21,3001,B73_H,1,16,76,7,NA,NA,100,9.5,NA,NA,85,8.5,NA,NA,NA,NA,NA,NA
Martonvasar,2013,Mar13W,watered,397,2,21,3001,B73_H,2,16,NA,NA,74,9,NA,NA,89,9.8,NA,NA,85,9.5,NA,NA,NA,NA
Martonvasar,2013,Mar13W,watered,397,2,21,3001,B73_H,3,17,NA,NA,NA,NA,70,8,NA,NA,85,9.5,NA,NA,76,9,NA,NA
Martonvasar,2013,Mar13W,watered,397,2,21,3001,B73_H,4,18,NA,NA,NA,NA,76,7.8,NA,NA,92,8.5,NA,NA,79,7.5,NA,NA
Martonvasar,2013,Mar13W,watered,397,2,21,3001,B73_H,5,18,NA,NA,NA,NA,83,8.4,NA,NA,90,8.6,NA,NA,73,8.2,NA,NA
Martonvasar,2013,Mar13W,watered,397,2,21,3001,B73_H,6,17,NA,NA,NA,NA,85,7,NA,NA,86,9.4,NA,NA,87,8.2,NA,NA
Martonvasar,2013,Mar13W,watered,397,2,21,3001,B73_H,7,17,NA,NA,NA,NA,87,8.2,NA,NA,89,9,NA,NA,91,9.4,NA,NA
Martonvasar,2013,Mar13W,watered,397,2,21,3001,B73_H,8,18,NA,NA,NA,NA,87,8.5,NA,NA,84,10.5,NA,NA,85,10,NA,NA
Martonvasar,2013,Mar13W,watered,397,2,21,3001,B73_H,9,18,NA,NA,NA,NA,86,9.5,NA,NA,97,9.7,NA,NA,82,7.5,NA,NA
Martonvasar,2013,Mar13W,watered,397,2,21,3001,B73_H,10,17,NA,NA,NA,NA,74,9,NA,NA,89,10,NA,NA,79,9,NA,NA
Martonvasar,2013,Mar13R,rainfed,589,1,13,3001,B73_H,1,16,NA,NA,78,8.5,NA,NA,86,9.8,NA,NA,81,9,NA,NA,NA,NA
Martonvasar,2013,Mar13R,rainfed,589,1,13,3001,B73_H,3,18,NA,NA,76,8,NA,NA,79,8.5,NA,NA,66,6.5,NA,NA,NA,NA
Martonvasar,2013,Mar13R,rainfed,589,1,13,3001,B73_H,4,17,NA,NA,74,7.5,NA,NA,79,7.8,NA,NA,67,8,NA,NA,NA,NA
Martonvasar,2013,Mar13R,rainfed,589,1,13,3001,B73_H,6,16,NA,NA,70,6.8,NA,NA,78,7.5,NA,NA,65,7.3,NA,NA,NA,NA
Martonvasar,2013,Mar13R,rainfed,589,1,13,3001,B73_H,9,16,NA,NA,77,8.2,NA,NA,81,8.5,NA,NA,73,8.4,NA,NA,NA,NA
Martonvasar,2013,Mar13R,rainfed,589,1,13,3001,B73_H,2,18,NA,NA,NA,NA,74,7.5,NA,NA,77,8,NA,NA,70,8.2,NA,NA
Martonvasar,2013,Mar13R,rainfed,589,1,13,3001,B73_H,5,17,NA,NA,NA,NA,77,8.6,NA,NA,82,7.5,NA,NA,62,8.2,NA,NA
Martonvasar,2013,Mar13R,rainfed,589,1,13,3001,B73_H,7,17,NA,NA,NA,NA,72,7,NA,NA,80,8,NA,NA,74,9,NA,NA
Martonvasar,2013,Mar13R,rainfed,589,1,13,3001,B73_H,8,17,NA,NA,NA,NA,75,8.2,NA,NA,81,9,NA,NA,69,8.5,NA,NA
Martonvasar,2013,Mar13R,rainfed,589,1,13,3001,B73_H,10,17,NA,NA,NA,NA,72,7.8,NA,NA,82,8,NA,NA,76,7.8,NA,NA
Martonvasar,2013,Mar13R,rainfed,905,2,22,3001,B73_H,3,16,NA,NA,73,6.8,NA,NA,78,7.8,NA,NA,72,7,NA,NA,NA,NA
Martonvasar,2013,Mar13R,rainfed,905,2,22,3001,B73_H,6,16,NA,NA,79,7.2,NA,NA,91,8.8,NA,NA,79,8.7,NA,NA,NA,NA
Martonvasar,2013,Mar13R,rainfed,905,2,22,3001,B73_H,1,17,NA,NA,NA,NA,73,7.2,NA,NA,88,9,NA,NA,78,9.5,NA,NA
Martonvasar,2013,Mar13R,rainfed,905,2,22,3001,B73_H,2,17,NA,NA,NA,NA,73,6.5,NA,NA,88,8,NA,NA,76,8.2,NA,NA
Martonvasar,2013,Mar13R,rainfed,905,2,22,3001,B73_H,4,17,NA,NA,NA,NA,79,8,NA,NA,86,7.5,NA,NA,77,8.4,NA,NA
Martonvasar,2013,Mar13R,rainfed,905,2,22,3001,B73_H,5,17,NA,NA,NA,NA,70,7.5,NA,NA,82,8.2,NA,NA,75,7,NA,NA
Martonvasar,2013,Mar13R,rainfed,905,2,22,3001,B73_H,7,18,NA,NA,NA,NA,79,7.3,NA,NA,90,8.4,NA,NA,72,8.4,NA,NA
Martonvasar,2013,Mar13R,rainfed,905,2,22,3001,B73_H,8,17,NA,NA,NA,NA,72,7.5,NA,NA,89,8.3,NA,NA,75,7.2,NA,NA
Martonvasar,2013,Mar13R,rainfed,905,2,22,3001,B73_H,9,17,NA,NA,NA,NA,82,6,NA,NA,82,7.5,NA,NA,72,7.8,NA,NA
Martonvasar,2013,Mar13R,rainfed,905,2,22,3001,B73_H,10,18,NA,NA,NA,NA,NA,NA,78,7,NA,NA,84,8,NA,NA,79,7.8
Martonvasar,2013,Mar13R,rainfed,1022,3,2,3001,B73_H,1,15,72,7.2,NA,NA,76,8.2,NA,NA,77,8,NA,NA,NA,NA,NA,NA
Martonvasar,2013,Mar13R,rainfed,1022,3,2,3001,B73_H,2,16,NA,NA,82,7.8,NA,NA,81,8.2,NA,NA,77,8,NA,NA,NA,NA
Martonvasar,2013,Mar13R,rainfed,1022,3,2,3001,B73_H,3,16,NA,NA,70,7.5,NA,NA,77,7.8,NA,NA,71,8,NA,NA,NA,NA
Martonvasar,2013,Mar13R,rainfed,1022,3,2,3001,B73_H,4,16,NA,NA,70,7.8,NA,NA,87,8,NA,NA,71,8.5,NA,NA,NA,NA
Martonvasar,2013,Mar13R,rainfed,1022,3,2,3001,B73_H,6,16,NA,NA,80,7.2,NA,NA,84,7.5,NA,NA,79,7.8,NA,NA,NA,NA
Martonvasar,2013,Mar13R,rainfed,1022,3,2,3001,B73_H,8,17,NA,NA,76,7.7,NA,NA,75,7.2,NA,NA,72,7.2,NA,NA,NA,NA
Martonvasar,2013,Mar13R,rainfed,1022,3,2,3001,B73_H,5,17,NA,NA,NA,NA,76,7.8,NA,NA,84,8.2,NA,NA,68,8,NA,NA
Martonvasar,2013,Mar13R,rainfed,1022,3,2,3001,B73_H,7,18,NA,NA,NA,NA,71,6.5,NA,NA,81,7,NA,NA,69,7.5,NA,NA
Martonvasar,2013,Mar13R,rainfed,1022,3,2,3001,B73_H,9,17,NA,NA,NA,NA,78,6.5,NA,NA,74,6.5,NA,NA,55,6,NA,NA
Martonvasar,2013,Mar13R,rainfed,1022,3,2,3001,B73_H,10,17,NA,NA,NA,NA,75,7,NA,NA,77,7.5,NA,NA,66,8,NA,NA
